customer_id,age,income_band,loyalty_tier,city,customer_value_factor
C0001,22,Medium,Silver,Kozhikode,1.0
C0002,54,High,Silver,Kannur,1.35
C0003,48,Medium,Gold,Kochi,1.15
C0004,38,Low,Gold,Malappuram,0.9774999999999999
C0005,38,High,Bronze,Kannur,1.215
C0006,58,High,Bronze,Kannur,1.215
C0007,22,Medium,Silver,Kozhikode,1.0
C0008,50,High,Silver,Thrissur,1.35
C0009,27,Low,Bronze,Kochi,0.765
C0010,22,High,Silver,Kochi,1.35
C0011,42,Medium,Gold,Kozhikode,1.15
C0012,63,Medium,Gold,Kannur,1.15
C0013,52,Low,Silver,Thrissur,0.85
C0014,53,High,Bronze,Malappuram,1.215
C0015,51,Low,Bronze,Kozhikode,0.765
C0016,54,Low,Silver,Kochi,0.85
C0017,42,Low,Bronze,Kozhikode,0.765
C0018,24,Medium,Silver,Kochi,1.0
C0019,57,Low,Silver,Kochi,0.85
C0020,39,High,Bronze,Thrissur,1.215
C0021,41,Medium,Bronze,Kochi,0.9
C0022,35,Low,Bronze,Kochi,0.765
C0023,26,Low,Gold,Malappuram,0.9774999999999999
C0024,61,Low,Silver,Kozhikode,0.85
C0025,54,Medium,Bronze,Malappuram,0.9
C0026,48,High,Gold,Kochi,1.5525
C0027,36,Low,Silver,Kozhikode,0.85
C0028,56,High,Silver,Malappuram,1.35
C0029,43,Low,Platinum,Thrissur,1.105
C0030,38,High,Bronze,Malappuram,1.215
C0031,39,High,Bronze,Malappuram,1.215
C0032,28,Medium,Silver,Malappuram,1.0
C0033,22,Medium,Bronze,Kozhikode,0.9
C0034,44,High,Silver,Kozhikode,1.35
C0035,59,Low,Bronze,Malappuram,0.765
C0036,20,Low,Bronze,Kochi,0.765
C0037,58,Low,Bronze,Thrissur,0.765
C0038,56,Medium,Silver,Thrissur,1.0
C0039,31,Medium,Bronze,Kozhikode,0.9
C0040,47,Medium,Bronze,Kozhikode,0.9
C0041,25,High,Gold,Kozhikode,1.5525
C0042,53,Low,Bronze,Thrissur,0.765
C0043,50,Medium,Bronze,Thrissur,0.9
C0044,34,Low,Bronze,Kochi,0.765
C0045,21,Medium,Bronze,Malappuram,0.9
C0046,63,Medium,Bronze,Kochi,0.9
C0047,38,High,Silver,Malappuram,1.35
C0048,59,Medium,Bronze,Kozhikode,0.9
C0049,49,Low,Gold,Kozhikode,0.9774999999999999
C0050,54,Medium,Platinum,Malappuram,1.3
C0051,53,Low,Bronze,Kozhikode,0.765
C0052,27,High,Bronze,Kozhikode,1.215
C0053,35,Medium,Bronze,Thrissur,0.9
C0054,39,Low,Silver,Kannur,0.85
C0055,41,Low,Bronze,Kochi,0.765
C0056,20,Low,Gold,Kozhikode,0.9774999999999999
C0057,43,High,Gold,Kannur,1.5525
C0058,25,Medium,Gold,Malappuram,1.15
C0059,52,Medium,Silver,Kozhikode,1.0
C0060,50,Medium,Platinum,Malappuram,1.3
C0061,61,Medium,Bronze,Kochi,0.9
C0062,53,Low,Silver,Kochi,0.85
C0063,35,High,Bronze,Thrissur,1.215
C0064,63,Medium,Platinum,Malappuram,1.3
C0065,37,Medium,Silver,Thrissur,1.0
C0066,33,Medium,Gold,Kozhikode,1.15
C0067,60,Medium,Bronze,Kannur,0.9
C0068,35,High,Platinum,Malappuram,1.7550000000000001
C0069,21,Low,Silver,Thrissur,0.85
C0070,40,Medium,Silver,Kochi,1.0
C0071,55,Medium,Platinum,Kochi,1.3
C0072,26,Medium,Bronze,Thrissur,0.9
C0073,39,Low,Bronze,Kannur,0.765
C0074,24,Low,Silver,Kannur,0.85
C0075,50,Medium,Bronze,Kozhikode,0.9
C0076,40,Medium,Bronze,Kochi,0.9
C0077,33,Medium,Bronze,Kannur,0.9
C0078,28,Medium,Bronze,Thrissur,0.9
C0079,44,Medium,Gold,Kozhikode,1.15
C0080,49,Medium,Silver,Thrissur,1.0
C0081,62,Medium,Bronze,Kannur,0.9
C0082,38,Low,Silver,Kozhikode,0.85
C0083,25,Medium,Silver,Thrissur,1.0
C0084,57,Medium,Silver,Thrissur,1.0
C0085,47,Low,Platinum,Malappuram,1.105
C0086,50,Medium,Platinum,Thrissur,1.3
C0087,22,Medium,Bronze,Kozhikode,0.9
C0088,32,Low,Bronze,Kannur,0.765
C0089,54,Medium,Silver,Kannur,1.0
C0090,57,Medium,Silver,Kannur,1.0
C0091,38,Medium,Silver,Thrissur,1.0
C0092,55,Medium,Silver,Kochi,1.0
C0093,57,Medium,Silver,Kozhikode,1.0
C0094,36,Medium,Bronze,Malappuram,0.9
C0095,60,Medium,Bronze,Kannur,0.9
C0096,31,Medium,Bronze,Malappuram,0.9
C0097,29,Medium,Bronze,Malappuram,0.9
C0098,50,Medium,Bronze,Kochi,0.9
C0099,47,Medium,Gold,Thrissur,1.15
C0100,24,Medium,Bronze,Kozhikode,0.9
C0101,57,Medium,Bronze,Kochi,0.9
C0102,27,High,Silver,Kannur,1.35
C0103,55,High,Gold,Kochi,1.5525
C0104,18,Medium,Bronze,Kochi,0.9
C0105,55,Medium,Gold,Kochi,1.15
C0106,54,Medium,Platinum,Malappuram,1.3
C0107,54,Medium,Silver,Kochi,1.0
C0108,49,High,Silver,Kannur,1.35
C0109,40,Medium,Bronze,Malappuram,0.9
C0110,51,Low,Platinum,Kozhikode,1.105
C0111,31,Low,Bronze,Kochi,0.765
C0112,54,High,Platinum,Malappuram,1.7550000000000001
C0113,44,Low,Silver,Kochi,0.85
C0114,39,Medium,Bronze,Kannur,0.9
C0115,41,Medium,Bronze,Kozhikode,0.9
C0116,44,Low,Silver,Malappuram,0.85
C0117,19,Medium,Silver,Kochi,1.0
C0118,24,Medium,Bronze,Kochi,0.9
C0119,29,Low,Gold,Kozhikode,0.9774999999999999
C0120,23,High,Gold,Kochi,1.5525
C0121,38,High,Silver,Thrissur,1.35
C0122,49,Medium,Silver,Kannur,1.0
C0123,48,Low,Bronze,Kannur,0.765
C0124,40,Medium,Gold,Kozhikode,1.15
C0125,58,Low,Bronze,Thrissur,0.765
C0126,44,Medium,Gold,Malappuram,1.15
C0127,21,High,Bronze,Kochi,1.215
C0128,53,High,Silver,Kochi,1.35
C0129,45,Medium,Bronze,Malappuram,0.9
C0130,47,Medium,Bronze,Malappuram,0.9
C0131,44,Medium,Gold,Kochi,1.15
C0132,44,Medium,Silver,Kannur,1.0
C0133,22,Medium,Silver,Thrissur,1.0
C0134,44,Medium,Platinum,Malappuram,1.3
C0135,55,Low,Platinum,Kannur,1.105
C0136,32,Low,Gold,Kannur,0.9774999999999999
C0137,46,Medium,Bronze,Kannur,0.9
C0138,19,Low,Silver,Kozhikode,0.85
C0139,34,Low,Gold,Kannur,0.9774999999999999
C0140,38,High,Bronze,Malappuram,1.215
C0141,64,High,Bronze,Thrissur,1.215
C0142,28,Medium,Gold,Kannur,1.15
C0143,30,High,Silver,Kochi,1.35
C0144,37,High,Silver,Malappuram,1.35
C0145,64,Low,Platinum,Kochi,1.105
C0146,58,Medium,Silver,Kozhikode,1.0
C0147,19,Medium,Silver,Malappuram,1.0
C0148,28,Low,Bronze,Kannur,0.765
C0149,56,Medium,Silver,Kannur,1.0
C0150,20,Medium,Bronze,Kozhikode,0.9
C0151,58,Medium,Gold,Kozhikode,1.15
C0152,31,Low,Gold,Malappuram,0.9774999999999999
C0153,61,Low,Bronze,Kannur,0.765
C0154,31,High,Bronze,Kannur,1.215
C0155,38,Low,Gold,Kozhikode,0.9774999999999999
C0156,49,Low,Bronze,Kochi,0.765
C0157,23,Medium,Silver,Thrissur,1.0
C0158,44,Medium,Silver,Kozhikode,1.0
C0159,41,Medium,Silver,Kochi,1.0
C0160,54,Medium,Bronze,Kochi,0.9
C0161,64,Low,Silver,Malappuram,0.85
C0162,49,Low,Bronze,Kozhikode,0.765
C0163,37,High,Silver,Malappuram,1.35
C0164,37,Medium,Bronze,Kozhikode,0.9
C0165,37,Medium,Silver,Thrissur,1.0
C0166,56,Medium,Silver,Thrissur,1.0
C0167,33,Medium,Bronze,Malappuram,0.9
C0168,25,Low,Bronze,Kochi,0.765
C0169,33,Medium,Bronze,Malappuram,0.9
C0170,19,Medium,Bronze,Thrissur,0.9
C0171,22,Medium,Bronze,Kozhikode,0.9
C0172,22,High,Platinum,Kozhikode,1.7550000000000001
C0173,54,Medium,Silver,Malappuram,1.0
C0174,51,Medium,Gold,Kozhikode,1.15
C0175,50,High,Platinum,Malappuram,1.7550000000000001
C0176,39,Medium,Bronze,Kozhikode,0.9
C0177,51,High,Silver,Kozhikode,1.35
C0178,25,Medium,Gold,Thrissur,1.15
C0179,60,High,Silver,Malappuram,1.35
C0180,41,Medium,Silver,Malappuram,1.0
C0181,62,Medium,Silver,Thrissur,1.0
C0182,25,Medium,Bronze,Kozhikode,0.9
C0183,41,Low,Silver,Kochi,0.85
C0184,50,Medium,Platinum,Kannur,1.3
C0185,41,High,Platinum,Kochi,1.7550000000000001
C0186,38,Medium,Bronze,Malappuram,0.9
C0187,25,Low,Gold,Kozhikode,0.9774999999999999
C0188,35,Medium,Bronze,Kozhikode,0.9
C0189,29,Low,Gold,Kochi,0.9774999999999999
C0190,32,Low,Bronze,Kannur,0.765
C0191,50,High,Platinum,Malappuram,1.7550000000000001
C0192,47,Medium,Gold,Kozhikode,1.15
C0193,46,Medium,Bronze,Thrissur,0.9
C0194,35,Medium,Bronze,Kochi,0.9
C0195,63,Low,Gold,Malappuram,0.9774999999999999
C0196,22,Medium,Bronze,Malappuram,0.9
C0197,34,Medium,Silver,Malappuram,1.0
C0198,23,Medium,Gold,Kochi,1.15
C0199,33,High,Silver,Kannur,1.35
C0200,63,Medium,Bronze,Kozhikode,0.9
C0201,35,Medium,Silver,Thrissur,1.0
C0202,60,Medium,Bronze,Thrissur,0.9
C0203,41,High,Platinum,Kozhikode,1.7550000000000001
C0204,50,Medium,Bronze,Kochi,0.9
C0205,39,High,Bronze,Kozhikode,1.215
C0206,30,Medium,Bronze,Kannur,0.9
C0207,53,High,Platinum,Kannur,1.7550000000000001
C0208,63,Low,Bronze,Kannur,0.765
C0209,30,Medium,Gold,Kozhikode,1.15
C0210,54,Medium,Gold,Thrissur,1.15
C0211,30,Medium,Gold,Kochi,1.15
C0212,51,Medium,Platinum,Thrissur,1.3
C0213,55,High,Gold,Malappuram,1.5525
C0214,39,High,Platinum,Thrissur,1.7550000000000001
C0215,52,Medium,Bronze,Thrissur,0.9
C0216,30,Medium,Gold,Kannur,1.15
C0217,21,Medium,Silver,Malappuram,1.0
C0218,22,Medium,Silver,Kozhikode,1.0
C0219,39,Low,Gold,Malappuram,0.9774999999999999
C0220,60,Low,Platinum,Kochi,1.105
C0221,23,Medium,Gold,Kochi,1.15
C0222,39,Medium,Silver,Malappuram,1.0
C0223,51,High,Silver,Kannur,1.35
C0224,27,Medium,Bronze,Malappuram,0.9
C0225,51,High,Bronze,Thrissur,1.215
C0226,32,Medium,Bronze,Kochi,0.9
C0227,56,Medium,Bronze,Malappuram,0.9
C0228,45,Low,Bronze,Thrissur,0.765
C0229,43,Medium,Gold,Kozhikode,1.15
C0230,26,High,Silver,Kochi,1.35
C0231,39,High,Platinum,Kochi,1.7550000000000001
C0232,58,High,Silver,Kannur,1.35
C0233,18,Low,Bronze,Thrissur,0.765
C0234,53,Medium,Bronze,Kozhikode,0.9
C0235,41,Low,Bronze,Kozhikode,0.765
C0236,51,Low,Platinum,Kochi,1.105
C0237,49,Medium,Bronze,Kannur,0.9
C0238,38,Medium,Silver,Kochi,1.0
C0239,32,Medium,Platinum,Thrissur,1.3
C0240,47,High,Platinum,Kozhikode,1.7550000000000001
C0241,24,Medium,Bronze,Kozhikode,0.9
C0242,45,High,Bronze,Kozhikode,1.215
C0243,22,Low,Bronze,Kannur,0.765
C0244,48,Low,Bronze,Kochi,0.765
C0245,47,Medium,Bronze,Kozhikode,0.9
C0246,21,High,Silver,Kozhikode,1.35
C0247,53,Low,Gold,Kozhikode,0.9774999999999999
C0248,37,Medium,Silver,Kochi,1.0
C0249,54,Medium,Silver,Kannur,1.0
C0250,19,Low,Bronze,Kozhikode,0.765
C0251,26,Medium,Gold,Malappuram,1.15
C0252,41,High,Silver,Kozhikode,1.35
C0253,26,Medium,Gold,Kannur,1.15
C0254,33,Low,Platinum,Kozhikode,1.105
C0255,49,High,Bronze,Kozhikode,1.215
C0256,24,Medium,Bronze,Kozhikode,0.9
C0257,49,High,Bronze,Kozhikode,1.215
C0258,22,Medium,Silver,Kochi,1.0
C0259,26,Medium,Platinum,Thrissur,1.3
C0260,45,Medium,Bronze,Kochi,0.9
C0261,55,Medium,Gold,Kozhikode,1.15
C0262,26,High,Silver,Kozhikode,1.35
C0263,32,Low,Bronze,Kozhikode,0.765
C0264,61,Low,Bronze,Thrissur,0.765
C0265,64,Medium,Silver,Malappuram,1.0
C0266,45,Medium,Silver,Kannur,1.0
C0267,39,High,Silver,Kozhikode,1.35
C0268,34,High,Bronze,Kannur,1.215
C0269,46,Medium,Gold,Kochi,1.15
C0270,45,Medium,Bronze,Malappuram,0.9
C0271,31,Low,Platinum,Thrissur,1.105
C0272,19,Medium,Bronze,Malappuram,0.9
C0273,25,High,Bronze,Kannur,1.215
C0274,63,Medium,Silver,Kozhikode,1.0
C0275,37,Medium,Silver,Kochi,1.0
C0276,40,Medium,Silver,Thrissur,1.0
C0277,39,High,Silver,Kochi,1.35
C0278,54,Medium,Platinum,Thrissur,1.3
C0279,21,Low,Silver,Thrissur,0.85
C0280,21,Medium,Silver,Kannur,1.0
C0281,30,Low,Silver,Malappuram,0.85
C0282,40,Low,Bronze,Kannur,0.765
C0283,49,Low,Silver,Kochi,0.85
C0284,41,Medium,Bronze,Malappuram,0.9
C0285,38,Medium,Silver,Kochi,1.0
C0286,62,Medium,Bronze,Thrissur,0.9
C0287,25,Medium,Platinum,Thrissur,1.3
C0288,44,High,Silver,Kannur,1.35
C0289,43,Medium,Gold,Thrissur,1.15
C0290,40,Medium,Silver,Kozhikode,1.0
C0291,55,Medium,Bronze,Kochi,0.9
C0292,30,High,Gold,Kannur,1.5525
C0293,62,Low,Silver,Malappuram,0.85
C0294,33,Medium,Gold,Kochi,1.15
C0295,43,High,Silver,Kannur,1.35
C0296,42,Medium,Silver,Kannur,1.0
C0297,57,Medium,Gold,Malappuram,1.15
C0298,38,Medium,Silver,Thrissur,1.0
C0299,31,Medium,Bronze,Kochi,0.9
C0300,19,Medium,Silver,Kochi,1.0
C0301,35,Low,Silver,Kozhikode,0.85
C0302,56,Medium,Platinum,Thrissur,1.3
C0303,18,Low,Bronze,Kochi,0.765
C0304,60,High,Silver,Kochi,1.35
C0305,43,Medium,Gold,Thrissur,1.15
C0306,24,Medium,Silver,Thrissur,1.0
C0307,32,Medium,Gold,Thrissur,1.15
C0308,44,Medium,Silver,Thrissur,1.0
C0309,32,Medium,Bronze,Kannur,0.9
C0310,23,Medium,Gold,Thrissur,1.15
C0311,49,High,Bronze,Malappuram,1.215
C0312,49,Medium,Bronze,Kannur,0.9
C0313,23,High,Silver,Kozhikode,1.35
C0314,31,High,Gold,Kochi,1.5525
C0315,29,Medium,Gold,Thrissur,1.15
C0316,48,Low,Bronze,Kozhikode,0.765
C0317,52,Medium,Bronze,Kannur,0.9
C0318,52,Low,Platinum,Malappuram,1.105
C0319,62,Medium,Bronze,Kannur,0.9
C0320,54,High,Bronze,Kochi,1.215
C0321,33,Medium,Bronze,Thrissur,0.9
C0322,23,Medium,Silver,Malappuram,1.0
C0323,46,Low,Gold,Malappuram,0.9774999999999999
C0324,61,High,Gold,Kozhikode,1.5525
C0325,63,Low,Gold,Kannur,0.9774999999999999
C0326,28,Low,Bronze,Kozhikode,0.765
C0327,29,Low,Bronze,Kannur,0.765
C0328,19,Low,Silver,Malappuram,0.85
C0329,24,Medium,Bronze,Kochi,0.9
C0330,44,Medium,Bronze,Kannur,0.9
C0331,43,Medium,Bronze,Kochi,0.9
C0332,35,Low,Bronze,Kozhikode,0.765
C0333,32,Low,Silver,Kannur,0.85
C0334,57,Medium,Gold,Kannur,1.15
C0335,39,Low,Bronze,Kannur,0.765
C0336,55,Medium,Silver,Malappuram,1.0
C0337,63,Low,Gold,Thrissur,0.9774999999999999
C0338,32,Medium,Gold,Kozhikode,1.15
C0339,27,Medium,Gold,Thrissur,1.15
C0340,62,Medium,Silver,Malappuram,1.0
C0341,47,Low,Gold,Kochi,0.9774999999999999
C0342,31,Low,Bronze,Malappuram,0.765
C0343,47,High,Bronze,Malappuram,1.215
C0344,42,Low,Bronze,Kozhikode,0.765
C0345,60,Medium,Silver,Kozhikode,1.0
C0346,30,Medium,Bronze,Malappuram,0.9
C0347,64,Medium,Bronze,Kochi,0.9
C0348,61,Medium,Gold,Kochi,1.15
C0349,26,Medium,Bronze,Thrissur,0.9
C0350,25,High,Bronze,Kozhikode,1.215
C0351,43,Medium,Bronze,Thrissur,0.9
C0352,20,Medium,Silver,Malappuram,1.0
C0353,32,Low,Bronze,Malappuram,0.765
C0354,38,Medium,Bronze,Malappuram,0.9
C0355,63,Medium,Bronze,Malappuram,0.9
C0356,64,Low,Gold,Kannur,0.9774999999999999
C0357,25,Medium,Platinum,Kannur,1.3
C0358,59,High,Silver,Kozhikode,1.35
C0359,22,Low,Silver,Thrissur,0.85
C0360,53,Medium,Gold,Kannur,1.15
C0361,57,Medium,Platinum,Kochi,1.3
C0362,59,Low,Silver,Thrissur,0.85
C0363,28,Low,Gold,Malappuram,0.9774999999999999
C0364,59,Low,Gold,Kannur,0.9774999999999999
C0365,23,High,Gold,Malappuram,1.5525
C0366,42,Low,Silver,Kannur,0.85
C0367,40,Low,Bronze,Kochi,0.765
C0368,32,Low,Bronze,Kochi,0.765
C0369,19,Low,Silver,Kannur,0.85
C0370,54,Medium,Silver,Malappuram,1.0
C0371,33,Low,Silver,Malappuram,0.85
C0372,49,Medium,Silver,Kochi,1.0
C0373,37,Medium,Silver,Kozhikode,1.0
C0374,35,High,Gold,Kannur,1.5525
C0375,59,Low,Bronze,Kozhikode,0.765
C0376,22,High,Bronze,Malappuram,1.215
C0377,52,Medium,Gold,Kozhikode,1.15
C0378,53,Low,Gold,Kozhikode,0.9774999999999999
C0379,35,Medium,Platinum,Kochi,1.3
C0380,30,High,Gold,Kannur,1.5525
C0381,18,Medium,Gold,Kannur,1.15
C0382,62,High,Bronze,Kochi,1.215
C0383,62,Medium,Silver,Kozhikode,1.0
C0384,29,Medium,Bronze,Malappuram,0.9
C0385,19,High,Silver,Kozhikode,1.35
C0386,23,Medium,Platinum,Thrissur,1.3
C0387,21,High,Bronze,Kozhikode,1.215
C0388,57,Medium,Silver,Kochi,1.0
C0389,59,Medium,Bronze,Kozhikode,0.9
C0390,25,Medium,Bronze,Malappuram,0.9
C0391,53,Low,Bronze,Kochi,0.765
C0392,26,Medium,Bronze,Kannur,0.9
C0393,35,Medium,Platinum,Kochi,1.3
C0394,46,Low,Silver,Kochi,0.85
C0395,51,Low,Gold,Malappuram,0.9774999999999999
C0396,59,Medium,Silver,Malappuram,1.0
C0397,20,Low,Bronze,Kozhikode,0.765
C0398,27,Low,Bronze,Kozhikode,0.765
C0399,31,Medium,Gold,Kochi,1.15
C0400,32,Medium,Bronze,Thrissur,0.9
C0401,64,Medium,Gold,Kozhikode,1.15
C0402,54,Medium,Bronze,Kochi,0.9
C0403,33,High,Silver,Kozhikode,1.35
C0404,63,Medium,Gold,Kannur,1.15
C0405,41,Low,Bronze,Kozhikode,0.765
C0406,41,Low,Bronze,Kannur,0.765
C0407,38,Medium,Platinum,Kozhikode,1.3
C0408,24,Low,Bronze,Kochi,0.765
C0409,61,Medium,Silver,Kozhikode,1.0
C0410,18,High,Silver,Kozhikode,1.35
C0411,26,Low,Bronze,Kochi,0.765
C0412,28,Low,Gold,Malappuram,0.9774999999999999
C0413,31,High,Gold,Kozhikode,1.5525
C0414,24,Medium,Bronze,Thrissur,0.9
C0415,18,Low,Gold,Malappuram,0.9774999999999999
C0416,49,High,Bronze,Malappuram,1.215
C0417,63,High,Bronze,Malappuram,1.215
C0418,23,Medium,Silver,Kochi,1.0
C0419,31,Medium,Platinum,Thrissur,1.3
C0420,41,Medium,Bronze,Kochi,0.9
C0421,61,Low,Bronze,Thrissur,0.765
C0422,50,Medium,Silver,Kannur,1.0
C0423,54,Medium,Gold,Thrissur,1.15
C0424,45,Medium,Bronze,Malappuram,0.9
C0425,37,High,Bronze,Kozhikode,1.215
C0426,27,Low,Gold,Kannur,0.9774999999999999
C0427,58,Medium,Bronze,Kozhikode,0.9
C0428,55,Low,Bronze,Malappuram,0.765
C0429,19,High,Bronze,Thrissur,1.215
C0430,51,Medium,Silver,Kannur,1.0
C0431,21,Medium,Silver,Kannur,1.0
C0432,52,Medium,Gold,Kochi,1.15
C0433,56,Medium,Silver,Kannur,1.0
C0434,24,Medium,Silver,Kochi,1.0
C0435,38,Medium,Platinum,Malappuram,1.3
C0436,23,Medium,Silver,Kannur,1.0
C0437,44,Medium,Silver,Thrissur,1.0
C0438,61,High,Platinum,Kannur,1.7550000000000001
C0439,21,Medium,Bronze,Kozhikode,0.9
C0440,36,Medium,Gold,Kozhikode,1.15
C0441,63,Low,Gold,Kozhikode,0.9774999999999999
C0442,32,Medium,Bronze,Kozhikode,0.9
C0443,24,Medium,Silver,Thrissur,1.0
C0444,40,Medium,Bronze,Malappuram,0.9
C0445,41,Low,Bronze,Thrissur,0.765
C0446,49,High,Silver,Malappuram,1.35
C0447,32,Medium,Bronze,Kozhikode,0.9
C0448,62,Medium,Gold,Kochi,1.15
C0449,42,Low,Gold,Malappuram,0.9774999999999999
C0450,31,High,Gold,Kannur,1.5525
C0451,63,Low,Bronze,Kannur,0.765
C0452,61,Low,Bronze,Kozhikode,0.765
C0453,41,High,Bronze,Malappuram,1.215
C0454,19,High,Bronze,Thrissur,1.215
C0455,46,Low,Platinum,Thrissur,1.105
C0456,44,Medium,Silver,Kochi,1.0
C0457,24,Medium,Bronze,Malappuram,0.9
C0458,47,High,Gold,Kochi,1.5525
C0459,57,Medium,Bronze,Kochi,0.9
C0460,22,Medium,Bronze,Thrissur,0.9
C0461,51,Medium,Bronze,Kochi,0.9
C0462,24,Medium,Silver,Kozhikode,1.0
C0463,53,Medium,Gold,Malappuram,1.15
C0464,37,Medium,Bronze,Thrissur,0.9
C0465,18,Low,Gold,Malappuram,0.9774999999999999
C0466,63,High,Gold,Kochi,1.5525
C0467,25,High,Gold,Thrissur,1.5525
C0468,46,Medium,Bronze,Kannur,0.9
C0469,26,Low,Bronze,Kannur,0.765
C0470,61,Low,Gold,Thrissur,0.9774999999999999
C0471,52,Medium,Bronze,Malappuram,0.9
C0472,55,Low,Silver,Kannur,0.85
C0473,38,High,Gold,Malappuram,1.5525
C0474,39,Medium,Bronze,Kochi,0.9
C0475,47,Medium,Gold,Kannur,1.15
C0476,54,High,Platinum,Kozhikode,1.7550000000000001
C0477,57,Medium,Gold,Kannur,1.15
C0478,18,Medium,Silver,Kozhikode,1.0
C0479,49,Medium,Gold,Kannur,1.15
C0480,23,Medium,Silver,Malappuram,1.0
C0481,31,Medium,Gold,Malappuram,1.15
C0482,56,Medium,Gold,Kozhikode,1.15
C0483,29,High,Gold,Kannur,1.5525
C0484,55,Medium,Bronze,Kochi,0.9
C0485,39,Low,Bronze,Malappuram,0.765
C0486,28,Medium,Bronze,Kozhikode,0.9
C0487,33,Medium,Silver,Malappuram,1.0
C0488,42,Low,Silver,Kozhikode,0.85
C0489,53,Low,Silver,Thrissur,0.85
C0490,46,Medium,Bronze,Kozhikode,0.9
C0491,61,Medium,Gold,Kochi,1.15
C0492,58,High,Gold,Kochi,1.5525
C0493,53,Low,Bronze,Thrissur,0.765
C0494,46,Low,Gold,Kozhikode,0.9774999999999999
C0495,31,Medium,Silver,Kozhikode,1.0
C0496,37,High,Silver,Thrissur,1.35
C0497,23,Medium,Bronze,Kozhikode,0.9
C0498,35,Low,Gold,Kozhikode,0.9774999999999999
C0499,61,Low,Platinum,Kozhikode,1.105
C0500,38,Medium,Gold,Kozhikode,1.15
C0501,23,Medium,Gold,Thrissur,1.15
C0502,48,Medium,Platinum,Malappuram,1.3
C0503,63,Low,Bronze,Kannur,0.765
C0504,58,Medium,Silver,Thrissur,1.0
C0505,30,High,Silver,Kochi,1.35
C0506,39,Medium,Platinum,Kozhikode,1.3
C0507,42,Medium,Bronze,Kozhikode,0.9
C0508,29,Low,Silver,Malappuram,0.85
C0509,30,Medium,Gold,Kozhikode,1.15
C0510,29,Medium,Bronze,Kannur,0.9
C0511,64,Medium,Gold,Kozhikode,1.15
C0512,53,High,Bronze,Malappuram,1.215
C0513,57,High,Platinum,Kochi,1.7550000000000001
C0514,56,High,Gold,Kannur,1.5525
C0515,63,High,Bronze,Kannur,1.215
C0516,22,High,Gold,Thrissur,1.5525
C0517,59,Low,Bronze,Kozhikode,0.765
C0518,21,Low,Silver,Kochi,0.85
C0519,40,Medium,Silver,Thrissur,1.0
C0520,45,Medium,Gold,Malappuram,1.15
C0521,34,Low,Bronze,Kannur,0.765
C0522,24,High,Bronze,Thrissur,1.215
C0523,27,Medium,Gold,Malappuram,1.15
C0524,56,Medium,Silver,Kannur,1.0
C0525,32,Low,Silver,Kannur,0.85
C0526,32,Medium,Bronze,Malappuram,0.9
C0527,61,Low,Bronze,Kochi,0.765
C0528,24,High,Gold,Kochi,1.5525
C0529,61,Medium,Bronze,Malappuram,0.9
C0530,61,Medium,Bronze,Malappuram,0.9
C0531,46,Medium,Platinum,Kochi,1.3
C0532,25,Medium,Bronze,Kochi,0.9
C0533,25,Medium,Gold,Thrissur,1.15
C0534,31,Medium,Bronze,Thrissur,0.9
C0535,45,Medium,Gold,Kochi,1.15
C0536,25,Low,Gold,Malappuram,0.9774999999999999
C0537,39,High,Gold,Kochi,1.5525
C0538,23,Low,Bronze,Thrissur,0.765
C0539,43,High,Silver,Kannur,1.35
C0540,18,Low,Gold,Kannur,0.9774999999999999
C0541,51,Medium,Bronze,Malappuram,0.9
C0542,20,High,Bronze,Thrissur,1.215
C0543,27,Low,Bronze,Kannur,0.765
C0544,26,Medium,Platinum,Thrissur,1.3
C0545,57,Medium,Gold,Malappuram,1.15
C0546,20,Low,Silver,Thrissur,0.85
C0547,38,Medium,Gold,Malappuram,1.15
C0548,45,High,Silver,Kannur,1.35
C0549,42,High,Silver,Malappuram,1.35
C0550,49,Medium,Silver,Kannur,1.0
C0551,55,Medium,Silver,Kochi,1.0
C0552,36,Low,Bronze,Kochi,0.765
C0553,56,Low,Gold,Kochi,0.9774999999999999
C0554,32,Low,Gold,Malappuram,0.9774999999999999
C0555,64,High,Bronze,Thrissur,1.215
C0556,41,High,Silver,Kozhikode,1.35
C0557,52,Medium,Bronze,Kochi,0.9
C0558,59,Medium,Platinum,Kannur,1.3
C0559,55,Medium,Gold,Thrissur,1.15
C0560,58,Medium,Platinum,Thrissur,1.3
C0561,43,Medium,Bronze,Malappuram,0.9
C0562,20,Medium,Bronze,Malappuram,0.9
C0563,41,Low,Bronze,Kochi,0.765
C0564,26,Low,Bronze,Kochi,0.765
C0565,59,High,Bronze,Kannur,1.215
C0566,29,Medium,Bronze,Kozhikode,0.9
C0567,28,High,Platinum,Thrissur,1.7550000000000001
C0568,29,Low,Bronze,Thrissur,0.765
C0569,48,Medium,Bronze,Kozhikode,0.9
C0570,44,Low,Gold,Kozhikode,0.9774999999999999
C0571,62,Medium,Silver,Thrissur,1.0
C0572,37,Low,Gold,Kochi,0.9774999999999999
C0573,31,Low,Silver,Malappuram,0.85
C0574,20,High,Gold,Kannur,1.5525
C0575,18,Medium,Silver,Thrissur,1.0
C0576,35,Medium,Silver,Thrissur,1.0
C0577,61,Medium,Gold,Kochi,1.15
C0578,42,Medium,Silver,Kochi,1.0
C0579,59,Medium,Bronze,Kozhikode,0.9
C0580,22,Low,Silver,Kozhikode,0.85
C0581,22,High,Bronze,Kochi,1.215
C0582,57,High,Gold,Kannur,1.5525
C0583,23,Medium,Bronze,Kochi,0.9
C0584,20,Medium,Bronze,Thrissur,0.9
C0585,36,Low,Bronze,Malappuram,0.765
C0586,61,High,Gold,Thrissur,1.5525
C0587,50,Medium,Bronze,Kozhikode,0.9
C0588,22,Low,Silver,Kozhikode,0.85
C0589,57,Medium,Gold,Thrissur,1.15
C0590,57,Medium,Bronze,Kozhikode,0.9
C0591,55,Medium,Gold,Thrissur,1.15
C0592,60,Medium,Bronze,Kochi,0.9
C0593,29,Medium,Bronze,Kochi,0.9
C0594,64,Low,Silver,Thrissur,0.85
C0595,33,High,Gold,Thrissur,1.5525
C0596,55,Medium,Bronze,Kochi,0.9
C0597,45,Medium,Silver,Kannur,1.0
C0598,54,Low,Bronze,Kochi,0.765
C0599,47,High,Silver,Kannur,1.35
C0600,48,Medium,Silver,Thrissur,1.0
C0601,46,Low,Silver,Kannur,0.85
C0602,54,Medium,Silver,Kannur,1.0
C0603,52,Low,Bronze,Kozhikode,0.765
C0604,24,Low,Silver,Thrissur,0.85
C0605,56,Medium,Silver,Kozhikode,1.0
C0606,43,Medium,Silver,Malappuram,1.0
C0607,33,High,Bronze,Kozhikode,1.215
C0608,42,Medium,Silver,Malappuram,1.0
C0609,63,Medium,Silver,Kannur,1.0
C0610,58,Medium,Bronze,Malappuram,0.9
C0611,57,Medium,Bronze,Kochi,0.9
C0612,39,Medium,Silver,Kozhikode,1.0
C0613,54,Medium,Gold,Thrissur,1.15
C0614,36,High,Bronze,Malappuram,1.215
C0615,50,Medium,Gold,Malappuram,1.15
C0616,48,Low,Silver,Malappuram,0.85
C0617,29,Medium,Gold,Kozhikode,1.15
C0618,30,High,Silver,Malappuram,1.35
C0619,20,Low,Silver,Thrissur,0.85
C0620,24,Medium,Silver,Kannur,1.0
C0621,38,High,Platinum,Thrissur,1.7550000000000001
C0622,40,Medium,Silver,Kannur,1.0
C0623,25,High,Silver,Kannur,1.35
C0624,37,Medium,Silver,Kochi,1.0
C0625,46,Medium,Gold,Kozhikode,1.15
C0626,28,Medium,Bronze,Kozhikode,0.9
C0627,33,High,Silver,Kochi,1.35
C0628,35,Medium,Silver,Kochi,1.0
C0629,41,Medium,Platinum,Thrissur,1.3
C0630,35,Medium,Silver,Kozhikode,1.0
C0631,52,Medium,Silver,Kochi,1.0
C0632,33,Medium,Platinum,Kozhikode,1.3
C0633,38,Medium,Silver,Kozhikode,1.0
C0634,35,High,Bronze,Kochi,1.215
C0635,26,Medium,Bronze,Kochi,0.9
C0636,50,Medium,Bronze,Thrissur,0.9
C0637,29,Medium,Bronze,Kannur,0.9
C0638,31,Medium,Silver,Malappuram,1.0
C0639,55,Medium,Gold,Thrissur,1.15
C0640,62,Low,Gold,Kannur,0.9774999999999999
C0641,49,Low,Bronze,Kannur,0.765
C0642,61,Medium,Silver,Kochi,1.0
C0643,58,Medium,Bronze,Kannur,0.9
C0644,40,Medium,Platinum,Kochi,1.3
C0645,54,Low,Bronze,Kochi,0.765
C0646,33,Medium,Silver,Malappuram,1.0
C0647,39,Low,Bronze,Thrissur,0.765
C0648,43,Medium,Silver,Kochi,1.0
C0649,63,High,Silver,Kozhikode,1.35
C0650,57,Low,Gold,Kozhikode,0.9774999999999999
C0651,40,Medium,Bronze,Kozhikode,0.9
C0652,48,Low,Gold,Kannur,0.9774999999999999
C0653,27,Medium,Silver,Kozhikode,1.0
C0654,55,Low,Gold,Kozhikode,0.9774999999999999
C0655,43,Medium,Gold,Kochi,1.15
C0656,43,Medium,Platinum,Kochi,1.3
C0657,54,High,Bronze,Kochi,1.215
C0658,47,Low,Bronze,Malappuram,0.765
C0659,21,Medium,Bronze,Malappuram,0.9
C0660,31,Medium,Bronze,Malappuram,0.9
C0661,26,High,Silver,Kannur,1.35
C0662,52,Medium,Platinum,Malappuram,1.3
C0663,19,Medium,Platinum,Kochi,1.3
C0664,27,Medium,Silver,Kozhikode,1.0
C0665,46,Medium,Silver,Kozhikode,1.0
C0666,50,High,Gold,Kannur,1.5525
C0667,41,Medium,Platinum,Kozhikode,1.3
C0668,58,Medium,Bronze,Kochi,0.9
C0669,61,Low,Silver,Thrissur,0.85
C0670,24,Medium,Gold,Malappuram,1.15
C0671,62,High,Bronze,Kochi,1.215
C0672,46,Medium,Silver,Thrissur,1.0
C0673,47,Medium,Platinum,Kozhikode,1.3
C0674,22,High,Platinum,Kannur,1.7550000000000001
C0675,47,High,Gold,Kannur,1.5525
C0676,52,Medium,Gold,Kozhikode,1.15
C0677,45,Medium,Bronze,Malappuram,0.9
C0678,21,Medium,Bronze,Malappuram,0.9
C0679,42,Medium,Silver,Thrissur,1.0
C0680,61,Medium,Silver,Kochi,1.0
C0681,52,Low,Silver,Kozhikode,0.85
C0682,24,High,Silver,Kochi,1.35
C0683,63,High,Silver,Thrissur,1.35
C0684,63,High,Gold,Kochi,1.5525
C0685,25,High,Bronze,Malappuram,1.215
C0686,55,Medium,Bronze,Thrissur,0.9
C0687,37,Medium,Bronze,Kannur,0.9
C0688,45,Medium,Bronze,Kozhikode,0.9
C0689,38,Medium,Gold,Kochi,1.15
C0690,54,Medium,Silver,Thrissur,1.0
C0691,64,Low,Bronze,Kochi,0.765
C0692,55,Medium,Gold,Kochi,1.15
C0693,61,Medium,Silver,Kannur,1.0
C0694,62,Medium,Bronze,Kannur,0.9
C0695,22,Medium,Bronze,Thrissur,0.9
C0696,29,Medium,Bronze,Kannur,0.9
C0697,51,Low,Silver,Kochi,0.85
C0698,45,High,Bronze,Kochi,1.215
C0699,20,High,Bronze,Kozhikode,1.215
C0700,22,Low,Bronze,Kochi,0.765
C0701,42,Low,Silver,Kannur,0.85
C0702,46,Medium,Bronze,Kochi,0.9
C0703,25,Medium,Gold,Malappuram,1.15
C0704,26,High,Bronze,Kannur,1.215
C0705,24,Low,Silver,Thrissur,0.85
C0706,44,Medium,Silver,Kozhikode,1.0
C0707,18,Low,Silver,Malappuram,0.85
C0708,44,Medium,Bronze,Malappuram,0.9
C0709,40,High,Gold,Thrissur,1.5525
C0710,39,Low,Gold,Malappuram,0.9774999999999999
C0711,49,Low,Bronze,Kozhikode,0.765
C0712,42,Medium,Bronze,Thrissur,0.9
C0713,52,Medium,Gold,Kannur,1.15
C0714,53,High,Silver,Malappuram,1.35
C0715,61,High,Bronze,Kochi,1.215
C0716,55,Low,Bronze,Malappuram,0.765
C0717,42,Low,Silver,Kannur,0.85
C0718,41,Medium,Gold,Kannur,1.15
C0719,29,Medium,Silver,Malappuram,1.0
C0720,46,High,Platinum,Kochi,1.7550000000000001
C0721,24,Medium,Silver,Malappuram,1.0
C0722,61,Low,Bronze,Kannur,0.765
C0723,57,High,Silver,Kannur,1.35
C0724,23,Low,Bronze,Kochi,0.765
C0725,54,Medium,Bronze,Kozhikode,0.9
C0726,23,Medium,Bronze,Malappuram,0.9
C0727,51,Medium,Bronze,Kochi,0.9
C0728,22,Medium,Gold,Kannur,1.15
C0729,40,Medium,Bronze,Kochi,0.9
C0730,48,High,Silver,Thrissur,1.35
C0731,52,High,Silver,Kannur,1.35
C0732,37,Medium,Silver,Thrissur,1.0
C0733,61,Low,Gold,Thrissur,0.9774999999999999
C0734,54,Medium,Gold,Kozhikode,1.15
C0735,27,High,Gold,Kannur,1.5525
C0736,49,Medium,Bronze,Malappuram,0.9
C0737,52,Medium,Silver,Kochi,1.0
C0738,33,Medium,Silver,Kozhikode,1.0
C0739,52,Low,Bronze,Kozhikode,0.765
C0740,60,Medium,Bronze,Malappuram,0.9
C0741,56,Medium,Bronze,Kozhikode,0.9
C0742,53,Medium,Silver,Malappuram,1.0
C0743,47,High,Silver,Malappuram,1.35
C0744,30,High,Bronze,Kozhikode,1.215
C0745,55,Medium,Gold,Thrissur,1.15
C0746,35,Medium,Platinum,Kozhikode,1.3
C0747,43,Medium,Bronze,Thrissur,0.9
C0748,32,High,Platinum,Kozhikode,1.7550000000000001
C0749,32,Medium,Bronze,Kannur,0.9
C0750,25,High,Platinum,Kozhikode,1.7550000000000001
C0751,63,Low,Platinum,Kochi,1.105
C0752,24,High,Bronze,Kochi,1.215
C0753,22,Low,Gold,Kannur,0.9774999999999999
C0754,61,Low,Platinum,Kannur,1.105
C0755,44,Medium,Gold,Kozhikode,1.15
C0756,38,Low,Platinum,Thrissur,1.105
C0757,52,Low,Silver,Malappuram,0.85
C0758,36,Low,Bronze,Kochi,0.765
C0759,24,Medium,Gold,Malappuram,1.15
C0760,52,Medium,Silver,Thrissur,1.0
C0761,26,Low,Silver,Kannur,0.85
C0762,43,Medium,Silver,Kannur,1.0
C0763,62,High,Silver,Kochi,1.35
C0764,61,Low,Bronze,Kozhikode,0.765
C0765,34,Low,Gold,Malappuram,0.9774999999999999
C0766,54,High,Bronze,Kochi,1.215
C0767,46,High,Gold,Malappuram,1.5525
C0768,40,Medium,Gold,Kochi,1.15
C0769,24,High,Silver,Kochi,1.35
C0770,35,Low,Silver,Kochi,0.85
C0771,48,Medium,Bronze,Kozhikode,0.9
C0772,64,Medium,Platinum,Thrissur,1.3
C0773,18,Medium,Gold,Kochi,1.15
C0774,51,Medium,Bronze,Kannur,0.9
C0775,57,Medium,Bronze,Kozhikode,0.9
C0776,62,Medium,Bronze,Kochi,0.9
C0777,37,Medium,Silver,Kozhikode,1.0
C0778,23,Medium,Platinum,Thrissur,1.3
C0779,30,Low,Gold,Kochi,0.9774999999999999
C0780,57,Low,Bronze,Kochi,0.765
C0781,59,Medium,Gold,Kannur,1.15
C0782,47,Low,Bronze,Malappuram,0.765
C0783,23,Low,Gold,Kozhikode,0.9774999999999999
C0784,23,Low,Bronze,Thrissur,0.765
C0785,40,Low,Silver,Kannur,0.85
C0786,45,High,Platinum,Kozhikode,1.7550000000000001
C0787,19,Medium,Bronze,Malappuram,0.9
C0788,50,High,Silver,Kochi,1.35
C0789,43,Low,Platinum,Kozhikode,1.105
C0790,18,Medium,Bronze,Malappuram,0.9
C0791,22,Medium,Bronze,Kochi,0.9
C0792,39,Medium,Silver,Kannur,1.0
C0793,51,High,Bronze,Kannur,1.215
C0794,56,High,Bronze,Kozhikode,1.215
C0795,38,High,Silver,Kozhikode,1.35
C0796,31,Low,Gold,Kochi,0.9774999999999999
C0797,63,Low,Bronze,Malappuram,0.765
C0798,39,Medium,Bronze,Kochi,0.9
C0799,32,Medium,Gold,Kozhikode,1.15
C0800,38,Medium,Silver,Malappuram,1.0
