customer_id,age,income_band,loyalty_tier,city,customer_value_factor,frequency,total_units,monetary,average_order_value,average_discount,cluster,segment
C0001,22,Medium,Silver,Kozhikode,1.0,68,230,4631722.94,68113.57264705883,0.02222058823529412,2,High Value
C0002,54,High,Silver,Kannur,1.35,72,243,4630524.48,64312.840000000004,0.01113888888888889,2,High Value
C0003,48,Medium,Gold,Kochi,1.15,72,280,3968345.64,55115.91166666667,0.021541666666666667,3,Regular
C0004,38,Low,Gold,Malappuram,0.9775,71,232,4499833.14,63377.93154929577,0.006859154929577465,2,High Value
C0005,38,High,Bronze,Kannur,1.215,75,268,3217974.46,42906.326133333336,0.017653333333333333,3,Regular
C0006,58,High,Bronze,Kannur,1.215,72,265,4377152.52,60793.784999999996,0.017083333333333332,3,Regular
C0007,22,Medium,Silver,Kozhikode,1.0,61,209,3020986.29,49524.365409836064,0.024295081967213115,1,Low Value
C0008,50,High,Silver,Thrissur,1.35,65,262,4382375.12,67421.1556923077,0.020953846153846156,2,High Value
C0009,27,Low,Bronze,Kochi,0.765,54,188,2858752.67,52939.86425925926,0.008166666666666668,1,Low Value
C0010,22,High,Silver,Kochi,1.35,73,288,3586867.76,49135.17479452054,0.015123287671232877,3,Regular
C0011,42,Medium,Gold,Kozhikode,1.15,74,238,5351798.44,72321.60054054054,0.008554054054054055,2,High Value
C0012,63,Medium,Gold,Kannur,1.15,70,246,4780057.74,68286.53914285715,0.021628571428571428,2,High Value
C0013,52,Low,Silver,Thrissur,0.85,66,240,3540144.11,53638.54712121212,0.012696969696969698,1,Low Value
C0014,53,High,Bronze,Malappuram,1.215,88,300,4793193.64,54468.10954545454,0.01644318181818182,3,Regular
C0015,51,Low,Bronze,Kozhikode,0.765,80,297,4864027.33,60800.341625,0.009887499999999999,3,Regular
C0016,54,Low,Silver,Kochi,0.85,70,244,3485481.56,49792.593714285715,0.018257142857142857,1,Low Value
C0017,42,Low,Bronze,Kozhikode,0.765,75,273,4626501.32,61686.68426666667,0.012346666666666667,3,Regular
C0018,24,Medium,Silver,Kochi,1.0,67,232,3284658.51,49024.75388059701,0.017507462686567166,1,Low Value
C0019,57,Low,Silver,Kochi,0.85,64,212,3503253.74,54738.3396875,0.01978125,1,Low Value
C0020,39,High,Bronze,Thrissur,1.215,75,249,5143928.61,68585.7148,0.017013333333333335,2,High Value
C0021,41,Medium,Bronze,Kochi,0.9,74,235,4235925.28,57242.233513513514,0.010675675675675676,3,Regular
C0022,35,Low,Bronze,Kochi,0.765,73,265,4084901.59,55957.55602739726,0.01798630136986301,3,Regular
C0023,26,Low,Gold,Malappuram,0.9775,76,306,4915070.18,64671.97605263157,0.014578947368421054,0,VIP
C0024,61,Low,Silver,Kozhikode,0.85,70,255,4518680.74,64552.582,0.0148,2,High Value
C0025,54,Medium,Bronze,Malappuram,0.9,55,176,3486761.92,63395.67127272727,0.013818181818181818,1,Low Value
C0026,48,High,Gold,Kochi,1.5525,81,279,4776973.5,58974.98148148148,0.006777777777777777,3,Regular
C0027,36,Low,Silver,Kozhikode,0.85,73,237,4006431.12,54882.61808219178,0.02247945205479452,1,Low Value
C0028,56,High,Silver,Malappuram,1.35,75,247,4447355.11,59298.06813333334,0.013813333333333334,3,Regular
C0029,43,Low,Platinum,Thrissur,1.105,86,301,5264737.67,61217.87988372093,0.02267441860465116,0,VIP
C0030,38,High,Bronze,Malappuram,1.215,75,264,4168895.23,55585.269733333334,0.022093333333333333,3,Regular
C0031,39,High,Bronze,Malappuram,1.215,58,191,3545939.91,61136.895000000004,0.015293103448275861,1,Low Value
C0032,28,Medium,Silver,Malappuram,1.0,75,253,4660088.64,62134.515199999994,0.01096,3,Regular
C0033,22,Medium,Bronze,Kozhikode,0.9,71,266,4609710.42,64925.498873239434,0.016098591549295774,2,High Value
C0034,44,High,Silver,Kozhikode,1.35,75,267,3941764.32,52556.857599999996,0.02416,3,Regular
C0035,59,Low,Bronze,Malappuram,0.765,60,235,4348659.52,72477.65866666666,0.0137,2,High Value
C0036,20,Low,Bronze,Kochi,0.765,83,299,5718689.73,68899.87626506024,0.010843373493975903,0,VIP
C0037,58,Low,Bronze,Thrissur,0.765,53,209,3195589.11,60294.13415094339,0.011849056603773585,1,Low Value
C0038,56,Medium,Silver,Thrissur,1.0,70,244,4176701.76,59667.168,0.013085714285714286,3,Regular
C0039,31,Medium,Bronze,Kozhikode,0.9,69,246,3962429.64,57426.51652173913,0.009347826086956522,3,Regular
C0040,47,Medium,Bronze,Kozhikode,0.9,77,290,4711212.75,61184.581168831166,0.013454545454545455,3,Regular
C0041,25,High,Gold,Kozhikode,1.5525,69,220,4814871.54,69780.74695652173,0.005710144927536232,2,High Value
C0042,53,Low,Bronze,Thrissur,0.765,81,307,5282074.15,65210.791975308646,0.01725925925925926,0,VIP
C0043,50,Medium,Bronze,Thrissur,0.9,71,272,3753919.08,52872.09971830986,0.021295774647887324,3,Regular
C0044,34,Low,Bronze,Kochi,0.765,70,257,4129427.82,58991.826,0.020257142857142856,3,Regular
C0045,21,Medium,Bronze,Malappuram,0.9,69,197,3046928.7800000003,44158.388115942034,0.017884057971014493,1,Low Value
C0046,63,Medium,Bronze,Kochi,0.9,68,251,3989486.74,58668.922647058826,0.01772058823529412,1,Low Value
C0047,38,High,Silver,Malappuram,1.35,71,240,3750020.59,52817.1914084507,0.029028169014084507,1,Low Value
C0048,59,Medium,Bronze,Kozhikode,0.9,61,198,3205192.49,52544.139180327875,0.03075409836065574,1,Low Value
C0049,49,Low,Gold,Kozhikode,0.9775,79,264,5366695.26,67932.85139240506,0.02650632911392405,0,VIP
C0050,54,Medium,Platinum,Malappuram,1.3,70,218,5044188.66,72059.838,0.016900000000000002,2,High Value
C0051,53,Low,Bronze,Kozhikode,0.765,62,219,3531919.17,56966.43822580645,0.007370967741935484,1,Low Value
C0052,27,High,Bronze,Kozhikode,1.215,55,188,3398467.28,61790.314181818176,0.03154545454545455,1,Low Value
C0053,35,Medium,Bronze,Thrissur,0.9,62,228,3053402.13,49248.4214516129,0.017338709677419354,1,Low Value
C0054,39,Low,Silver,Kannur,0.85,60,229,3247064.41,54117.74016666667,0.01175,1,Low Value
C0055,41,Low,Bronze,Kochi,0.765,75,263,4143082.01,55241.093466666665,0.018333333333333333,3,Regular
C0056,20,Low,Gold,Kozhikode,0.9775,75,264,3678650.94,49048.6792,0.014706666666666666,3,Regular
C0057,43,High,Gold,Kannur,1.5525,58,198,2771694.29,47787.832586206896,0.015844827586206898,1,Low Value
C0058,25,Medium,Gold,Malappuram,1.15,70,296,4316532.27,61664.746714285706,0.012785714285714286,3,Regular
C0059,52,Medium,Silver,Kozhikode,1.0,76,250,7107363.73,93517.94381578948,0.011236842105263158,0,VIP
C0060,50,Medium,Platinum,Malappuram,1.3,81,289,5940200.27,73335.80580246913,0.010197530864197531,0,VIP
C0061,61,Medium,Bronze,Kochi,0.9,78,297,5242493.69,67211.45756410257,0.011435897435897435,0,VIP
C0062,53,Low,Silver,Kochi,0.85,79,283,5028157.41,63647.56215189874,0.022227848101265824,0,VIP
C0063,35,High,Bronze,Thrissur,1.215,68,244,4361564.86,64140.65970588236,0.01861764705882353,2,High Value
C0064,63,Medium,Platinum,Malappuram,1.3,83,332,6487585.74,78163.68361445784,0.017530120481927713,0,VIP
C0065,37,Medium,Silver,Thrissur,1.0,81,280,4160030.59,51358.40234567901,0.012765432098765432,3,Regular
C0066,33,Medium,Gold,Kozhikode,1.15,80,290,5999838.93,74997.98662499999,0.0171625,0,VIP
C0067,60,Medium,Bronze,Kannur,0.9,77,299,5289418.26,68693.74363636364,0.006116883116883117,0,VIP
C0068,35,High,Platinum,Malappuram,1.755,69,248,4014555.96,58181.970434782605,0.03381159420289855,1,Low Value
C0069,21,Low,Silver,Thrissur,0.85,60,214,3718810.5100000002,61980.17516666667,0.025616666666666666,1,Low Value
C0070,40,Medium,Silver,Kochi,1.0,78,257,4201847.95,53869.84551282052,0.01319230769230769,3,Regular
C0071,55,Medium,Platinum,Kochi,1.3,80,243,5483872.34,68548.40424999999,0.011375,0,VIP
C0072,26,Medium,Bronze,Thrissur,0.9,59,189,3561037.21,60356.56288135593,0.019033898305084746,1,Low Value
C0073,39,Low,Bronze,Kannur,0.765,76,248,4879290.49,64201.19065789474,0.013657894736842105,3,Regular
C0074,24,Low,Silver,Kannur,0.85,61,244,4995616.15,81895.34672131148,0.011344262295081968,2,High Value
C0075,50,Medium,Bronze,Kozhikode,0.9,72,242,4809686.0,66801.19444444444,0.020180555555555556,2,High Value
C0076,40,Medium,Bronze,Kochi,0.9,52,197,2597026.63,49942.81980769231,0.014634615384615385,1,Low Value
C0077,33,Medium,Bronze,Kannur,0.9,83,309,4784246.91,57641.52903614458,0.004301204819277108,3,Regular
C0078,28,Medium,Bronze,Thrissur,0.9,66,232,3901413.93,59112.332272727275,0.012878787878787878,1,Low Value
C0079,44,Medium,Gold,Kozhikode,1.15,85,283,5270602.6,62007.089411764704,0.021729411764705883,0,VIP
C0080,49,Medium,Silver,Thrissur,1.0,82,264,5729047.28,69866.43024390245,0.01681707317073171,0,VIP
C0081,62,Medium,Bronze,Kannur,0.9,81,312,5112241.05,63114.08703703703,0.01654320987654321,0,VIP
C0082,38,Low,Silver,Kozhikode,0.85,75,296,6404344.17,85391.2556,0.009373333333333334,0,VIP
C0083,25,Medium,Silver,Thrissur,1.0,71,236,4972481.89,70034.9561971831,0.011816901408450703,2,High Value
C0084,57,Medium,Silver,Thrissur,1.0,87,329,5795535.55,66615.35114942529,0.012149425287356321,0,VIP
C0085,47,Low,Platinum,Malappuram,1.105,77,252,5499011.23,71415.73025974026,0.013649350649350649,0,VIP
C0086,50,Medium,Platinum,Thrissur,1.3,72,221,5293146.81,73515.92791666667,0.013222222222222222,2,High Value
C0087,22,Medium,Bronze,Kozhikode,0.9,73,233,3399300.16,46565.75561643836,0.019452054794520546,1,Low Value
C0088,32,Low,Bronze,Kannur,0.765,66,232,4293568.03,65054.061060606065,0.028999999999999998,2,High Value
C0089,54,Medium,Silver,Kannur,1.0,70,219,4862012.65,69457.32357142858,0.013014285714285714,2,High Value
C0090,57,Medium,Silver,Kannur,1.0,75,260,3868664.0,51582.18666666667,0.0029066666666666668,3,Regular
C0091,38,Medium,Silver,Thrissur,1.0,77,276,4709980.97,61168.58402597402,0.015493506493506495,3,Regular
C0092,55,Medium,Silver,Kochi,1.0,87,299,5096306.58,58578.23655172414,0.02391954022988506,0,VIP
C0093,57,Medium,Silver,Kozhikode,1.0,84,260,3712176.25,44192.57440476191,0.012380952380952381,3,Regular
C0094,36,Medium,Bronze,Malappuram,0.9,84,253,5303184.63,63133.150357142855,0.01275,0,VIP
C0095,60,Medium,Bronze,Kannur,0.9,81,293,5990233.85,73953.50432098765,0.011629629629629629,0,VIP
C0096,31,Medium,Bronze,Malappuram,0.9,83,278,5155095.05,62109.57891566265,0.014289156626506023,0,VIP
C0097,29,Medium,Bronze,Malappuram,0.9,65,233,3290825.61,50628.086307692305,0.01616923076923077,1,Low Value
C0098,50,Medium,Bronze,Kochi,0.9,73,270,6197175.08,84892.80931506849,0.013452054794520548,0,VIP
C0099,47,Medium,Gold,Thrissur,1.15,80,271,4730906.0,59136.325,0.0194625,3,Regular
C0100,24,Medium,Bronze,Kozhikode,0.9,71,238,3621378.71,51005.33394366197,0.013394366197183098,1,Low Value
C0101,57,Medium,Bronze,Kochi,0.9,70,248,4919689.16,70281.27371428572,0.01962857142857143,2,High Value
C0102,27,High,Silver,Kannur,1.35,91,327,6637673.1,72941.46263736264,0.009274725274725275,0,VIP
C0103,55,High,Gold,Kochi,1.5525,70,274,4695365.78,67076.65400000001,0.014285714285714285,2,High Value
C0104,18,Medium,Bronze,Kochi,0.9,65,231,3934322.92,60528.04492307692,0.01603076923076923,1,Low Value
C0105,55,Medium,Gold,Kochi,1.15,72,265,3804805.11,52844.51541666666,0.017611111111111112,3,Regular
C0106,54,Medium,Platinum,Malappuram,1.3,56,197,2725315.64,48666.35071428572,0.01780357142857143,1,Low Value
C0107,54,Medium,Silver,Kochi,1.0,78,262,4949849.99,63459.61525641026,0.027730769230769232,0,VIP
C0108,49,High,Silver,Kannur,1.35,69,228,4316244.3,62554.2652173913,0.01615942028985507,2,High Value
C0109,40,Medium,Bronze,Malappuram,0.9,53,174,2820873.27,53224.02396226415,0.025566037735849055,1,Low Value
C0110,51,Low,Platinum,Kozhikode,1.105,65,225,4731447.46,72791.49938461538,0.015169230769230768,2,High Value
C0111,31,Low,Bronze,Kochi,0.765,66,238,2603722.9,39450.34696969697,0.024409090909090908,1,Low Value
C0112,54,High,Platinum,Malappuram,1.755,64,189,3968536.83,62008.38796875,0.009234375,1,Low Value
C0113,44,Low,Silver,Kochi,0.85,63,215,3609832.42,57298.9273015873,0.013349206349206348,1,Low Value
C0114,39,Medium,Bronze,Kannur,0.9,74,262,3975439.31,53722.152837837835,0.020310810810810813,3,Regular
C0115,41,Medium,Bronze,Kozhikode,0.9,86,287,4641875.52,53975.29674418604,0.011,3,Regular
C0116,44,Low,Silver,Malappuram,0.85,70,231,4847006.96,69242.95657142857,0.015042857142857143,2,High Value
C0117,19,Medium,Silver,Kochi,1.0,93,327,5532406.14,59488.238064516125,0.01289247311827957,0,VIP
C0118,24,Medium,Bronze,Kochi,0.9,73,246,4528124.16,62029.098082191784,0.01678082191780822,3,Regular
C0119,29,Low,Gold,Kozhikode,0.9775,61,221,3753512.77,61532.9962295082,0.009147540983606558,1,Low Value
C0120,23,High,Gold,Kochi,1.5525,67,229,2831054.03,42254.53776119403,0.019238805970149254,1,Low Value
C0121,38,High,Silver,Thrissur,1.35,76,273,3786990.4699999997,49828.82197368421,0.015039473684210526,3,Regular
C0122,49,Medium,Silver,Kannur,1.0,74,245,4813390.84,65045.82216216216,0.012,2,High Value
C0123,48,Low,Bronze,Kannur,0.765,77,271,5206479.41,67616.61571428571,0.028389610389610388,0,VIP
C0124,40,Medium,Gold,Kozhikode,1.15,82,320,4797267.96,58503.26780487805,0.015865853658536586,3,Regular
C0125,58,Low,Bronze,Thrissur,0.765,70,280,3912935.66,55899.08085714286,0.012614285714285715,3,Regular
C0126,44,Medium,Gold,Malappuram,1.15,71,259,5206722.09,73334.11394366197,0.017943661971830987,2,High Value
C0127,21,High,Bronze,Kochi,1.215,67,221,3451198.26,51510.42179104477,0.023417910447761193,1,Low Value
C0128,53,High,Silver,Kochi,1.35,79,272,4287960.62,54277.98253164557,0.015000000000000001,3,Regular
C0129,45,Medium,Bronze,Malappuram,0.9,72,239,4546954.71,63152.14875,0.015208333333333332,2,High Value
C0130,47,Medium,Bronze,Malappuram,0.9,68,265,3999819.9,58820.88088235294,0.014499999999999999,3,Regular
C0131,44,Medium,Gold,Kochi,1.15,80,263,5675028.79,70937.859875,0.020050000000000002,0,VIP
C0132,44,Medium,Silver,Kannur,1.0,73,259,4961427.32,67964.75780821918,0.016945205479452056,2,High Value
C0133,22,Medium,Silver,Thrissur,1.0,75,253,4428743.48,59049.913066666675,0.02016,3,Regular
C0134,44,Medium,Platinum,Malappuram,1.3,83,333,5269474.93,63487.64975903614,0.024867469879518073,0,VIP
C0135,55,Low,Platinum,Kannur,1.105,73,224,5070013.34,69452.23753424657,0.018547945205479453,2,High Value
C0136,32,Low,Gold,Kannur,0.9775,83,277,4785040.98,57651.09614457832,0.0243855421686747,3,Regular
C0137,46,Medium,Bronze,Kannur,0.9,64,214,4016477.8,62757.465625,0.0155,1,Low Value
C0138,19,Low,Silver,Kozhikode,0.85,64,247,4183703.69,65370.37015625,0.025343749999999998,2,High Value
C0139,34,Low,Gold,Kannur,0.9775,85,292,5878404.99,69157.70576470588,0.030882352941176472,0,VIP
C0140,38,High,Bronze,Malappuram,1.215,81,310,7016614.96,86624.87604938271,0.011901234567901235,0,VIP
C0141,64,High,Bronze,Thrissur,1.215,77,261,5178151.0200000005,67248.71454545455,0.019376623376623377,0,VIP
C0142,28,Medium,Gold,Kannur,1.15,59,202,4358768.97,73877.44016949151,0.009728813559322032,2,High Value
C0143,30,High,Silver,Kochi,1.35,65,238,3742662.2800000003,57579.419692307696,0.010846153846153846,1,Low Value
C0144,37,High,Silver,Malappuram,1.35,59,234,3420450.6,57973.73898305085,0.018457627118644068,1,Low Value
C0145,64,Low,Platinum,Kochi,1.105,83,285,5373348.22,64739.135180722886,0.006602409638554217,0,VIP
C0146,58,Medium,Silver,Kozhikode,1.0,85,303,5471937.5,64375.73529411765,0.025623529411764705,0,VIP
C0147,19,Medium,Silver,Malappuram,1.0,73,235,3886943.85,53245.80616438356,0.01984931506849315,1,Low Value
C0148,28,Low,Bronze,Kannur,0.765,83,340,5642777.02,67985.26530120481,0.02639759036144578,0,VIP
C0149,56,Medium,Silver,Kannur,1.0,72,283,5961324.98,82796.18027777778,0.017333333333333333,0,VIP
C0150,20,Medium,Bronze,Kozhikode,0.9,64,252,3533984.73,55218.51140625,0.0176875,1,Low Value
C0151,58,Medium,Gold,Kozhikode,1.15,84,282,6138141.99,73073.11892857144,0.004928571428571429,0,VIP
C0152,31,Low,Gold,Malappuram,0.9775,81,321,5075094.35,62655.485802469135,0.01954320987654321,0,VIP
C0153,61,Low,Bronze,Kannur,0.765,82,299,4845984.65,59097.37378048781,0.009378048780487805,3,Regular
C0154,31,High,Bronze,Kannur,1.215,58,217,4766664.34,82183.86793103447,0.0046206896551724145,2,High Value
C0155,38,Low,Gold,Kozhikode,0.9775,69,260,4481539.54,64949.8484057971,0.013753623188405797,2,High Value
C0156,49,Low,Bronze,Kochi,0.765,74,293,3957362.24,53477.86810810811,0.010864864864864866,3,Regular
C0157,23,Medium,Silver,Thrissur,1.0,73,242,4662100.08,63864.38465753425,0.020191780821917808,2,High Value
C0158,44,Medium,Silver,Kozhikode,1.0,80,284,4629791.92,57872.399,0.022275,3,Regular
C0159,41,Medium,Silver,Kochi,1.0,86,291,5860432.88,68144.56837209302,0.011825581395348837,0,VIP
C0160,54,Medium,Bronze,Kochi,0.9,89,299,5307422.29,59633.958314606745,0.0209438202247191,0,VIP
C0161,64,Low,Silver,Malappuram,0.85,69,209,4019612.8,58255.25797101449,0.02891304347826087,1,Low Value
C0162,49,Low,Bronze,Kozhikode,0.765,81,291,5413929.21,66838.63222222222,0.02093827160493827,0,VIP
C0163,37,High,Silver,Malappuram,1.35,81,285,4883060.97,60284.70333333333,0.021209876543209875,3,Regular
C0164,37,Medium,Bronze,Kozhikode,0.9,60,206,4182173.63,69702.89383333334,0.021166666666666667,2,High Value
C0165,37,Medium,Silver,Thrissur,1.0,63,215,4271916.29,67808.19507936508,0.009523809523809523,2,High Value
C0166,56,Medium,Silver,Thrissur,1.0,69,215,3802685.92,55111.390144927536,0.011391304347826087,1,Low Value
C0167,33,Medium,Bronze,Malappuram,0.9,66,266,3874488.91,58704.377424242426,0.009954545454545456,3,Regular
C0168,25,Low,Bronze,Kochi,0.765,64,228,3071592.6,47993.634375,0.026953125,1,Low Value
C0169,33,Medium,Bronze,Malappuram,0.9,69,265,4383915.32,63535.004637681166,0.01636231884057971,2,High Value
C0170,19,Medium,Bronze,Thrissur,0.9,85,274,4481345.39,52721.71047058823,0.010788235294117647,3,Regular
C0171,22,Medium,Bronze,Kozhikode,0.9,76,260,4823013.09,63460.69855263158,0.015671052631578947,3,Regular
C0172,22,High,Platinum,Kozhikode,1.755,60,193,3471936.63,57865.610499999995,0.008,1,Low Value
C0173,54,Medium,Silver,Malappuram,1.0,60,219,3688515.67,61475.26116666666,0.014,1,Low Value
C0174,51,Medium,Gold,Kozhikode,1.15,81,282,4719231.14,58262.11283950617,0.009975308641975308,3,Regular
C0175,50,High,Platinum,Malappuram,1.755,75,258,4749808.91,63330.78546666667,0.0058133333333333335,3,Regular
C0176,39,Medium,Bronze,Kozhikode,0.9,74,253,5854114.1,79109.65,0.0314054054054054,0,VIP
C0177,51,High,Silver,Kozhikode,1.35,72,268,3893406.95,54075.09652777778,0.007902777777777778,3,Regular
C0178,25,Medium,Gold,Thrissur,1.15,83,284,5363630.31,64622.05192771084,0.010433734939759036,0,VIP
C0179,60,High,Silver,Malappuram,1.35,88,268,5155906.91,58589.85125,0.021170454545454544,0,VIP
C0180,41,Medium,Silver,Malappuram,1.0,84,277,5473116.67,65156.15083333333,0.018178571428571426,0,VIP
C0181,62,Medium,Silver,Thrissur,1.0,75,264,4489108.13,59854.77506666666,0.01957333333333333,3,Regular
C0182,25,Medium,Bronze,Kozhikode,0.9,71,244,3615954.0,50928.92957746479,0.016619718309859154,1,Low Value
C0183,41,Low,Silver,Kochi,0.85,70,218,3252356.12,46462.230285714286,0.014257142857142857,1,Low Value
C0184,50,Medium,Platinum,Kannur,1.3,76,249,5873979.14,77289.1992105263,0.012763157894736843,0,VIP
C0185,41,High,Platinum,Kochi,1.755,68,242,4573349.24,67255.13588235294,0.014058823529411764,2,High Value
C0186,38,Medium,Bronze,Malappuram,0.9,66,253,4814702.16,72950.03272727273,0.014803030303030302,2,High Value
C0187,25,Low,Gold,Kozhikode,0.9775,58,226,5029873.17,86721.95120689656,0.012327586206896552,2,High Value
C0188,35,Medium,Bronze,Kozhikode,0.9,79,300,5420210.2299999995,68610.25607594936,0.010784810126582278,0,VIP
C0189,29,Low,Gold,Kochi,0.9775,82,293,4649200.26,56697.56414634146,0.01574390243902439,3,Regular
C0190,32,Low,Bronze,Kannur,0.765,77,299,5073459.31,65889.08194805194,0.019285714285714285,0,VIP
C0191,50,High,Platinum,Malappuram,1.755,71,236,5666133.8,79804.7014084507,0.010507042253521127,2,High Value
C0192,47,Medium,Gold,Kozhikode,1.15,67,218,4823957.7,71999.36865671643,0.010149253731343285,2,High Value
C0193,46,Medium,Bronze,Thrissur,0.9,63,227,3876106.27,61525.49634920635,0.025777777777777778,1,Low Value
C0194,35,Medium,Bronze,Kochi,0.9,60,221,4004848.4899999998,66747.47483333333,0.025833333333333333,1,Low Value
C0195,63,Low,Gold,Malappuram,0.9775,60,183,3750736.03,62512.267166666665,0.007699999999999999,1,Low Value
C0196,22,Medium,Bronze,Malappuram,0.9,72,269,4634079.94,64362.221388888895,0.021,3,Regular
C0197,34,Medium,Silver,Malappuram,1.0,78,272,4161183.8,53348.510256410256,0.01312820512820513,3,Regular
C0198,23,Medium,Gold,Kochi,1.15,80,294,5672251.06,70903.13824999999,0.013212499999999999,0,VIP
C0199,33,High,Silver,Kannur,1.35,61,223,2318238.2800000003,38003.906229508204,0.011065573770491804,1,Low Value
C0200,63,Medium,Bronze,Kozhikode,0.9,78,296,4963789.69,63638.32935897436,0.014076923076923079,0,VIP
C0201,35,Medium,Silver,Thrissur,1.0,76,285,5122032.36,67395.16263157895,0.005447368421052632,0,VIP
C0202,60,Medium,Bronze,Thrissur,0.9,69,225,4076509.7800000003,59079.85188405798,0.00663768115942029,1,Low Value
C0203,41,High,Platinum,Kozhikode,1.755,74,243,5738642.09,77549.21743243243,0.015743243243243242,0,VIP
C0204,50,Medium,Bronze,Kochi,0.9,82,270,5427843.05,66193.20792682927,0.026597560975609755,0,VIP
C0205,39,High,Bronze,Kozhikode,1.215,79,292,4060074.64,51393.34987341773,0.006746835443037975,3,Regular
C0206,30,Medium,Bronze,Kannur,0.9,78,298,4895638.86,62764.600769230776,0.0077820512820512815,3,Regular
C0207,53,High,Platinum,Kannur,1.755,63,215,4244894.68,67379.28063492064,0.006349206349206349,2,High Value
C0208,63,Low,Bronze,Kannur,0.765,67,215,3381328.76,50467.59343283582,0.007985074626865672,1,Low Value
C0209,30,Medium,Gold,Kozhikode,1.15,59,214,3951434.04,66973.45830508474,0.015186440677966102,2,High Value
C0210,54,Medium,Gold,Thrissur,1.15,77,247,5655652.09,73450.02714285714,0.011,0,VIP
C0211,30,Medium,Gold,Kochi,1.15,71,238,4097065.87,57705.15309859155,0.019014084507042256,1,Low Value
C0212,51,Medium,Platinum,Thrissur,1.3,64,222,3191645.09,49869.45453125,0.0045,1,Low Value
C0213,55,High,Gold,Malappuram,1.5525,75,250,4122476.32,54966.35093333333,0.027293333333333336,3,Regular
C0214,39,High,Platinum,Thrissur,1.755,65,216,3957357.96,60882.43015384615,0.010676923076923079,1,Low Value
C0215,52,Medium,Bronze,Thrissur,0.9,88,305,5796439.12,65868.62636363636,0.010886363636363637,0,VIP
C0216,30,Medium,Gold,Kannur,1.15,81,303,5701818.0200000005,70392.8150617284,0.010901234567901234,0,VIP
C0217,21,Medium,Silver,Malappuram,1.0,70,222,4469538.94,63850.556285714294,0.012057142857142857,2,High Value
C0218,22,Medium,Silver,Kozhikode,1.0,48,169,3224499.7399999998,67177.07791666666,0.019791666666666666,1,Low Value
C0219,39,Low,Gold,Malappuram,0.9775,79,239,5780241.66,73167.61594936709,0.010253164556962025,0,VIP
C0220,60,Low,Platinum,Kochi,1.105,53,151,2848247.63,53740.52132075471,0.012849056603773586,1,Low Value
C0221,23,Medium,Gold,Kochi,1.15,80,282,6013267.25,75165.840625,0.0227,0,VIP
C0222,39,Medium,Silver,Malappuram,1.0,67,262,3396183.47,50689.305522388066,0.008477611940298509,3,Regular
C0223,51,High,Silver,Kannur,1.35,64,212,3929487.57,61398.24328125,0.029124999999999998,1,Low Value
C0224,27,Medium,Bronze,Malappuram,0.9,62,212,3575128.06,57663.35580645161,0.025096774193548388,1,Low Value
C0225,51,High,Bronze,Thrissur,1.215,75,249,3693062.1,49240.828,0.013933333333333332,3,Regular
C0226,32,Medium,Bronze,Kochi,0.9,73,305,3881386.92,53169.68383561644,0.0203013698630137,3,Regular
C0227,56,Medium,Bronze,Malappuram,0.9,66,212,3881823.86,58815.51303030303,0.011772727272727273,1,Low Value
C0228,45,Low,Bronze,Thrissur,0.765,64,221,3810705.09,59542.26703125,0.019140625,1,Low Value
C0229,43,Medium,Gold,Kozhikode,1.15,67,244,4624320.47,69019.70850746268,0.017164179104477612,2,High Value
C0230,26,High,Silver,Kochi,1.35,76,281,4580983.14,60276.09394736842,0.029171052631578948,3,Regular
C0231,39,High,Platinum,Kochi,1.755,69,226,4546465.2,65890.8,0.017739130434782608,2,High Value
C0232,58,High,Silver,Kannur,1.35,74,255,4504409.75,60870.40202702703,0.01472972972972973,3,Regular
C0233,18,Low,Bronze,Thrissur,0.765,59,180,3387574.09,57416.509999999995,0.01735593220338983,1,Low Value
C0234,53,Medium,Bronze,Kozhikode,0.9,78,270,5583293.35,71580.68397435897,0.007051282051282052,0,VIP
C0235,41,Low,Bronze,Kozhikode,0.765,68,251,4149517.39,61022.314558823535,0.016808823529411765,2,High Value
C0236,51,Low,Platinum,Kochi,1.105,76,249,3935038.19,51776.81828947368,0.01618421052631579,3,Regular
C0237,49,Medium,Bronze,Kannur,0.9,71,200,3869244.2399999998,54496.39774647887,0.015957746478873238,1,Low Value
C0238,38,Medium,Silver,Kochi,1.0,65,198,3805777.72,58550.42646153847,0.029107692307692307,1,Low Value
C0239,32,Medium,Platinum,Thrissur,1.3,54,174,2989577.95,55362.55462962963,0.006092592592592593,1,Low Value
C0240,47,High,Platinum,Kozhikode,1.755,63,242,5100366.65,80958.2007936508,0.006968253968253968,2,High Value
C0241,24,Medium,Bronze,Kozhikode,0.9,70,254,3866547.05,55236.38642857142,0.011728571428571428,3,Regular
C0242,45,High,Bronze,Kozhikode,1.215,70,275,5082287.66,72604.10942857144,0.018542857142857142,2,High Value
C0243,22,Low,Bronze,Kannur,0.765,66,264,4585000.35,69469.70227272727,0.027166666666666665,2,High Value
C0244,48,Low,Bronze,Kochi,0.765,69,222,4406950.13,63868.84246376812,0.015884057971014495,2,High Value
C0245,47,Medium,Bronze,Kozhikode,0.9,86,297,4595600.29,53437.2126744186,0.014825581395348836,3,Regular
C0246,21,High,Silver,Kozhikode,1.35,71,205,3529935.28,49717.39830985915,0.014929577464788733,1,Low Value
C0247,53,Low,Gold,Kozhikode,0.9775,70,247,4994165.37,71345.21957142858,0.0345,2,High Value
C0248,37,Medium,Silver,Kochi,1.0,73,272,4704373.25,64443.46917808219,0.017794520547945204,3,Regular
C0249,54,Medium,Silver,Kannur,1.0,77,271,3793132.61,49261.46246753247,0.006961038961038961,3,Regular
C0250,19,Low,Bronze,Kozhikode,0.765,63,213,3398275.99,53940.88873015873,0.029634920634920636,1,Low Value
C0251,26,Medium,Gold,Malappuram,1.15,69,254,4107002.44,59521.774492753626,0.014115942028985506,3,Regular
C0252,41,High,Silver,Kozhikode,1.35,81,276,5253715.99,64860.6912345679,0.011555555555555555,0,VIP
C0253,26,Medium,Gold,Kannur,1.15,69,226,3841860.12,55679.13217391304,0.019028985507246375,1,Low Value
C0254,33,Low,Platinum,Kozhikode,1.105,79,273,4328141.29,54786.59860759494,0.008455696202531645,3,Regular
C0255,49,High,Bronze,Kozhikode,1.215,58,192,3465304.21,59746.62431034483,0.010362068965517241,1,Low Value
C0256,24,Medium,Bronze,Kozhikode,0.9,70,263,4424597.47,63208.53528571428,0.024057142857142857,2,High Value
C0257,49,High,Bronze,Kozhikode,1.215,81,291,5559909.65,68640.85987654321,0.016358024691358025,0,VIP
C0258,22,Medium,Silver,Kochi,1.0,63,247,3002023.14,47651.16095238095,0.02457142857142857,1,Low Value
C0259,26,Medium,Platinum,Thrissur,1.3,71,248,4498338.45,63356.87957746479,0.013478873239436619,2,High Value
C0260,45,Medium,Bronze,Kochi,0.9,68,242,5165989.88,75970.4394117647,0.013823529411764705,2,High Value
C0261,55,Medium,Gold,Kozhikode,1.15,83,296,4773598.89,57513.239638554216,0.009927710843373494,3,Regular
C0262,26,High,Silver,Kozhikode,1.35,76,281,4246841.54,55879.49394736842,0.024868421052631578,3,Regular
C0263,32,Low,Bronze,Kozhikode,0.765,83,273,5698625.6899999995,68658.14084337349,0.018265060240963856,0,VIP
C0264,61,Low,Bronze,Thrissur,0.765,74,239,4698271.93,63490.16121621621,0.012945945945945945,2,High Value
C0265,64,Medium,Silver,Malappuram,1.0,84,302,4609905.25,54879.82440476191,0.008047619047619047,3,Regular
C0266,45,Medium,Silver,Kannur,1.0,68,263,5373967.43,79028.93279411765,0.016102941176470587,2,High Value
C0267,39,High,Silver,Kozhikode,1.35,72,241,4068887.45,56512.325694444444,0.02626388888888889,1,Low Value
C0268,34,High,Bronze,Kannur,1.215,68,250,3834121.98,56384.14676470588,0.020544117647058824,1,Low Value
C0269,46,Medium,Gold,Kochi,1.15,83,327,6011540.13,72428.1943373494,0.023409638554216867,0,VIP
C0270,45,Medium,Bronze,Malappuram,0.9,53,189,4114842.01,77638.52849056604,0.005207547169811321,2,High Value
C0271,31,Low,Platinum,Thrissur,1.105,66,231,3543723.69,53692.78318181818,0.009166666666666667,1,Low Value
C0272,19,Medium,Bronze,Malappuram,0.9,74,220,5077229.7,68611.21216216216,0.019256756756756758,2,High Value
C0273,25,High,Bronze,Kannur,1.215,66,232,3643032.06,55197.45545454545,0.014303030303030302,1,Low Value
C0274,63,Medium,Silver,Kozhikode,1.0,91,310,5343241.55,58716.94010989011,0.00832967032967033,0,VIP
C0275,37,Medium,Silver,Kochi,1.0,65,215,4502136.55,69263.63923076923,0.007200000000000001,2,High Value
C0276,40,Medium,Silver,Thrissur,1.0,73,265,3872494.86,53047.87479452055,0.013671232876712328,3,Regular
C0277,39,High,Silver,Kochi,1.35,78,246,5831252.89,74759.65243589743,0.01041025641025641,0,VIP
C0278,54,Medium,Platinum,Thrissur,1.3,73,264,4625711.8,63365.915068493145,0.020232876712328766,3,Regular
C0279,21,Low,Silver,Thrissur,0.85,59,207,2915874.06,49421.59423728814,0.014864406779661016,1,Low Value
C0280,21,Medium,Silver,Kannur,1.0,57,181,3310819.54,58084.55333333334,0.015385964912280703,1,Low Value
C0281,30,Low,Silver,Malappuram,0.85,62,232,3599354.58,58054.10612903226,0.01529032258064516,1,Low Value
C0282,40,Low,Bronze,Kannur,0.765,77,269,5260174.57,68313.95545454546,0.013441558441558444,0,VIP
C0283,49,Low,Silver,Kochi,0.85,72,270,5222373.03,72532.95875,0.012513888888888889,0,VIP
C0284,41,Medium,Bronze,Malappuram,0.9,69,234,4071201.09,59002.91434782608,0.009420289855072463,1,Low Value
C0285,38,Medium,Silver,Kochi,1.0,75,294,5087129.59,67828.39453333332,0.01676,0,VIP
C0286,62,Medium,Bronze,Thrissur,0.9,80,266,5852919.57,73161.494625,0.0164,0,VIP
C0287,25,Medium,Platinum,Thrissur,1.3,79,238,4453819.44,56377.46126582279,0.018898734177215187,3,Regular
C0288,44,High,Silver,Kannur,1.35,75,273,4250227.32,56669.69760000001,0.016839999999999997,3,Regular
C0289,43,Medium,Gold,Thrissur,1.15,57,218,4062759.43,71276.48122807017,0.025105263157894738,2,High Value
C0290,40,Medium,Silver,Kozhikode,1.0,66,239,4714893.59,71437.78166666666,0.022166666666666668,2,High Value
C0291,55,Medium,Bronze,Kochi,0.9,58,245,3653489.88,62991.2048275862,0.024982758620689657,1,Low Value
C0292,30,High,Gold,Kannur,1.5525,74,245,3904826.66,52767.92783783784,0.02808108108108108,1,Low Value
C0293,62,Low,Silver,Malappuram,0.85,85,328,4902384.55,57675.11235294117,0.01987058823529412,0,VIP
C0294,33,Medium,Gold,Kochi,1.15,80,281,4553667.96,56920.8495,0.0257875,3,Regular
C0295,43,High,Silver,Kannur,1.35,77,264,5180756.52,67282.5522077922,0.015103896103896104,0,VIP
C0296,42,Medium,Silver,Kannur,1.0,67,221,3053197.63,45570.11388059701,0.01,1,Low Value
C0297,57,Medium,Gold,Malappuram,1.15,58,219,4090599.99,70527.58603448277,0.027068965517241382,2,High Value
C0298,38,Medium,Silver,Thrissur,1.0,58,208,3186036.2,54931.65862068966,0.014413793103448277,1,Low Value
C0299,31,Medium,Bronze,Kochi,0.9,70,228,4030269.12,57575.27314285714,0.014642857142857141,1,Low Value
C0300,19,Medium,Silver,Kochi,1.0,69,242,5321447.06,77122.42115942028,0.02620289855072464,2,High Value
C0301,35,Low,Silver,Kozhikode,0.85,76,259,3899172.76,51304.9047368421,0.01886842105263158,3,Regular
C0302,56,Medium,Platinum,Thrissur,1.3,69,273,4105095.45,59494.13695652174,0.01044927536231884,3,Regular
C0303,18,Low,Bronze,Kochi,0.765,69,245,3876090.31,56175.22188405797,0.015318840579710145,1,Low Value
C0304,60,High,Silver,Kochi,1.35,78,286,4801853.75,61562.22756410256,0.024384615384615387,3,Regular
C0305,43,Medium,Gold,Thrissur,1.15,73,250,3784105.5,51837.061643835616,0.017904109589041095,3,Regular
C0306,24,Medium,Silver,Thrissur,1.0,69,262,5301518.63,76833.60333333333,0.021753623188405794,2,High Value
C0307,32,Medium,Gold,Thrissur,1.15,65,196,4137556.27,63654.71184615385,0.021553846153846153,1,Low Value
C0308,44,Medium,Silver,Thrissur,1.0,58,213,3926009.0,67689.81034482758,0.015362068965517242,2,High Value
C0309,32,Medium,Bronze,Kannur,0.9,81,288,5354962.04,66110.6424691358,0.01714814814814815,0,VIP
C0310,23,Medium,Gold,Thrissur,1.15,79,266,4157934.7,52632.08481012659,0.008556962025316457,3,Regular
C0311,49,High,Bronze,Malappuram,1.215,68,272,4426775.74,65099.64323529412,0.014147058823529412,2,High Value
C0312,49,Medium,Bronze,Kannur,0.9,67,238,3868219.23,57734.61537313433,0.019522388059701492,1,Low Value
C0313,23,High,Silver,Kozhikode,1.35,71,240,5041912.86,71012.85718309859,0.01728169014084507,2,High Value
C0314,31,High,Gold,Kochi,1.5525,67,223,3762935.69,56163.219253731346,0.02283582089552239,1,Low Value
C0315,29,Medium,Gold,Thrissur,1.15,83,306,5316032.61,64048.58566265061,0.017397590361445784,0,VIP
C0316,48,Low,Bronze,Kozhikode,0.765,71,265,4836010.83,68112.8285915493,0.032901408450704224,2,High Value
C0317,52,Medium,Bronze,Kannur,0.9,73,246,4146602.61,56802.77547945205,0.00863013698630137,3,Regular
C0318,52,Low,Platinum,Malappuram,1.105,77,270,4921597.55,63916.851298701295,0.02664935064935065,0,VIP
C0319,62,Medium,Bronze,Kannur,0.9,75,286,4048170.69,53975.6092,0.013133333333333334,3,Regular
C0320,54,High,Bronze,Kochi,1.215,67,270,4120323.82,61497.37044776119,0.017402985074626863,3,Regular
C0321,33,Medium,Bronze,Thrissur,0.9,69,244,4539185.66,65785.29942028986,0.005376811594202898,2,High Value
C0322,23,Medium,Silver,Malappuram,1.0,67,245,4590909.07,68521.03089552239,0.015522388059701494,2,High Value
C0323,46,Low,Gold,Malappuram,0.9775,60,224,4395870.93,73264.5155,0.01865,2,High Value
C0324,61,High,Gold,Kozhikode,1.5525,62,204,3767336.37,60763.48983870968,0.016709677419354838,1,Low Value
C0325,63,Low,Gold,Kannur,0.9775,96,340,6373267.46,66388.20270833334,0.012687499999999999,0,VIP
C0326,28,Low,Bronze,Kozhikode,0.765,67,249,3648825.9,54460.08805970149,0.023910447761194033,1,Low Value
C0327,29,Low,Bronze,Kannur,0.765,76,287,3828597.39,50376.28144736842,0.0022894736842105265,3,Regular
C0328,19,Low,Silver,Malappuram,0.85,76,258,3814890.12,50195.92263157895,0.009644736842105265,3,Regular
C0329,24,Medium,Bronze,Kochi,0.9,66,232,3794015.83,57485.08833333333,0.02587878787878788,1,Low Value
C0330,44,Medium,Bronze,Kannur,0.9,69,270,4794017.08,69478.5084057971,0.024594202898550726,2,High Value
C0331,43,Medium,Bronze,Kochi,0.9,75,289,5290061.44,70534.15253333334,0.014306666666666665,0,VIP
C0332,35,Low,Bronze,Kozhikode,0.765,64,211,3956923.06,61826.9228125,0.01940625,1,Low Value
C0333,32,Low,Silver,Kannur,0.85,68,250,4023236.62,59165.24441176471,0.02422058823529412,1,Low Value
C0334,57,Medium,Gold,Kannur,1.15,67,260,2789973.14,41641.39014925373,0.03408955223880597,1,Low Value
C0335,39,Low,Bronze,Kannur,0.765,74,275,4693204.65,63421.684459459466,0.02785135135135135,3,Regular
C0336,55,Medium,Silver,Malappuram,1.0,85,296,5213501.17,61335.30788235294,0.014176470588235296,0,VIP
C0337,63,Low,Gold,Thrissur,0.9775,69,260,4623430.59,67006.24043478261,0.017275362318840578,2,High Value
C0338,32,Medium,Gold,Kozhikode,1.15,66,263,4411272.12,66837.45636363636,0.015575757575757576,2,High Value
C0339,27,Medium,Gold,Thrissur,1.15,78,284,4048337.15,51901.75833333333,0.013641025641025642,3,Regular
C0340,62,Medium,Silver,Malappuram,1.0,77,263,4431473.03,57551.597792207795,0.019909090909090908,3,Regular
C0341,47,Low,Gold,Kochi,0.9775,81,299,5332189.95,65829.50555555556,0.022864197530864196,0,VIP
C0342,31,Low,Bronze,Malappuram,0.765,64,212,4445259.2,69457.175,0.01765625,2,High Value
C0343,47,High,Bronze,Malappuram,1.215,73,248,5773967.05,79095.43904109589,0.009767123287671233,0,VIP
C0344,42,Low,Bronze,Kozhikode,0.765,63,213,4622837.38,73378.3711111111,0.010857142857142859,2,High Value
C0345,60,Medium,Silver,Kozhikode,1.0,68,209,4387378.03,64520.265147058824,0.029470588235294116,2,High Value
C0346,30,Medium,Bronze,Malappuram,0.9,80,280,5715635.86,71445.44825,0.0208875,0,VIP
C0347,64,Medium,Bronze,Kochi,0.9,70,252,3736835.44,53383.36342857143,0.017885714285714286,1,Low Value
C0348,61,Medium,Gold,Kochi,1.15,64,226,4147212.04,64800.188125,0.010359375,2,High Value
C0349,26,Medium,Bronze,Thrissur,0.9,71,273,5323887.68,74984.33352112675,0.015802816901408452,0,VIP
C0350,25,High,Bronze,Kozhikode,1.215,70,232,5929605.96,84708.65657142857,0.007214285714285715,2,High Value
C0351,43,Medium,Bronze,Thrissur,0.9,77,257,5457154.27,70872.13337662337,0.009818181818181818,0,VIP
C0352,20,Medium,Silver,Malappuram,1.0,70,245,4497086.04,64244.086285714286,0.013114285714285715,2,High Value
C0353,32,Low,Bronze,Malappuram,0.765,67,234,4587425.38,68469.03552238806,0.018940298507462688,2,High Value
C0354,38,Medium,Bronze,Malappuram,0.9,78,293,5409480.42,69352.31307692308,0.007205128205128206,0,VIP
C0355,63,Medium,Bronze,Malappuram,0.9,74,233,3993950.56,53972.30486486487,0.01645945945945946,3,Regular
C0356,64,Low,Gold,Kannur,0.9775,76,291,3795730.04,49943.816315789474,0.009723684210526315,3,Regular
C0357,25,Medium,Platinum,Kannur,1.3,74,220,5087655.11,68752.09608108108,0.011324324324324325,2,High Value
C0358,59,High,Silver,Kozhikode,1.35,74,242,4645952.57,62783.14283783784,0.02085135135135135,2,High Value
C0359,22,Low,Silver,Thrissur,0.85,87,295,4570134.39,52530.28034482758,0.02550574712643678,3,Regular
C0360,53,Medium,Gold,Kannur,1.15,65,212,3669487.06,56453.64707692308,0.019323076923076922,1,Low Value
C0361,57,Medium,Platinum,Kochi,1.3,75,289,5728892.27,76385.23026666667,0.02001333333333333,0,VIP
C0362,59,Low,Silver,Thrissur,0.85,75,259,5501876.43,73358.35239999999,0.017573333333333333,0,VIP
C0363,28,Low,Gold,Malappuram,0.9775,70,256,3514242.6,50203.46571428572,0.021957142857142856,1,Low Value
C0364,59,Low,Gold,Kannur,0.9775,82,286,4767815.85,58144.09573170731,0.017207317073170733,3,Regular
C0365,23,High,Gold,Malappuram,1.5525,72,243,5120502.49,71118.09013888889,0.013541666666666667,2,High Value
C0366,42,Low,Silver,Kannur,0.85,66,225,3642807.96,55194.06,0.02834848484848485,1,Low Value
C0367,40,Low,Bronze,Kochi,0.765,71,266,3917172.57,55171.44464788732,0.012507042253521127,3,Regular
C0368,32,Low,Bronze,Kochi,0.765,73,260,4692216.62,64276.94,0.00836986301369863,3,Regular
C0369,19,Low,Silver,Kannur,0.85,76,270,4408314.46,58004.137631578946,0.01775,3,Regular
C0370,54,Medium,Silver,Malappuram,1.0,68,244,3912849.91,57541.91044117647,0.02986764705882353,1,Low Value
C0371,33,Low,Silver,Malappuram,0.85,54,207,3265915.34,60479.9137037037,0.019944444444444445,1,Low Value
C0372,49,Medium,Silver,Kochi,1.0,55,183,3029669.53,55084.90054545454,0.018709090909090908,1,Low Value
C0373,37,Medium,Silver,Kozhikode,1.0,65,250,3791010.38,58323.236615384616,0.021476923076923074,1,Low Value
C0374,35,High,Gold,Kannur,1.5525,85,278,4575539.76,53829.87952941176,0.012,3,Regular
C0375,59,Low,Bronze,Kozhikode,0.765,69,220,4475618.14,64864.03101449275,0.025173913043478262,2,High Value
C0376,22,High,Bronze,Malappuram,1.215,78,264,4362028.15,55923.43782051282,0.019987179487179485,3,Regular
C0377,52,Medium,Gold,Kozhikode,1.15,63,210,4336905.15,68839.7642857143,0.026523809523809526,2,High Value
C0378,53,Low,Gold,Kozhikode,0.9775,57,219,4762828.14,83558.38842105263,0.03007017543859649,2,High Value
C0379,35,Medium,Platinum,Kochi,1.3,65,250,3579192.23,55064.49584615385,0.010400000000000001,1,Low Value
C0380,30,High,Gold,Kannur,1.5525,82,300,4570689.36,55740.11414634147,0.02,3,Regular
C0381,18,Medium,Gold,Kannur,1.15,80,260,4867770.33,60847.129125,0.0147125,3,Regular
C0382,62,High,Bronze,Kochi,1.215,57,174,4203025.28,73737.28561403509,0.00943859649122807,2,High Value
C0383,62,Medium,Silver,Kozhikode,1.0,62,212,3223519.27,51992.24629032258,0.02106451612903226,1,Low Value
C0384,29,Medium,Bronze,Malappuram,0.9,80,304,5693995.67,71174.945875,0.0134375,0,VIP
C0385,19,High,Silver,Kozhikode,1.35,69,252,4287566.48,62138.644637681165,0.015536231884057972,2,High Value
C0386,23,Medium,Platinum,Thrissur,1.3,83,293,6420840.83,77359.52807228916,0.006036144578313253,0,VIP
C0387,21,High,Bronze,Kozhikode,1.215,67,255,3144504.98,46932.91014925373,0.01017910447761194,1,Low Value
C0388,57,Medium,Silver,Kochi,1.0,63,224,3283195.39,52114.21253968254,0.02253968253968254,1,Low Value
C0389,59,Medium,Bronze,Kozhikode,0.9,66,233,3358250.92,50882.5896969697,0.006878787878787879,1,Low Value
C0390,25,Medium,Bronze,Malappuram,0.9,70,288,5067072.9,72386.75571428573,0.013171428571428572,0,VIP
C0391,53,Low,Bronze,Kochi,0.765,57,204,4418519.88,77517.89263157894,0.019087719298245615,2,High Value
C0392,26,Medium,Bronze,Kannur,0.9,80,289,4616620.31,57707.753874999995,0.012925,3,Regular
C0393,35,Medium,Platinum,Kochi,1.3,80,280,4073893.6,50923.67,0.0154125,3,Regular
C0394,46,Low,Silver,Kochi,0.85,71,306,4423258.89,62299.42098591549,0.016169014084507043,3,Regular
C0395,51,Low,Gold,Malappuram,0.9775,76,312,5357082.44,70487.92684210527,0.01388157894736842,0,VIP
C0396,59,Medium,Silver,Malappuram,1.0,85,315,7085701.97,83361.19964705882,0.017976470588235295,0,VIP
C0397,20,Low,Bronze,Kozhikode,0.765,49,190,3411186.61,69616.05326530612,0.02110204081632653,1,Low Value
C0398,27,Low,Bronze,Kozhikode,0.765,74,231,5639992.56,76216.11567567567,0.012567567567567568,2,High Value
C0399,31,Medium,Gold,Kochi,1.15,77,242,4203966.61,54596.96896103897,0.013532467532467533,3,Regular
C0400,32,Medium,Bronze,Thrissur,0.9,73,253,4452993.64,60999.912876712326,0.007684931506849314,3,Regular
C0401,64,Medium,Gold,Kozhikode,1.15,53,185,3885983.09,73320.43566037735,0.008150943396226415,2,High Value
C0402,54,Medium,Bronze,Kochi,0.9,60,229,3628891.82,60481.53033333333,0.025716666666666665,1,Low Value
C0403,33,High,Silver,Kozhikode,1.35,62,235,4666051.74,75258.89903225806,0.011919354838709676,2,High Value
C0404,63,Medium,Gold,Kannur,1.15,60,246,4143423.69,69057.0615,0.00975,2,High Value
C0405,41,Low,Bronze,Kozhikode,0.765,71,204,3795398.6,53456.318309859154,0.013169014084507043,1,Low Value
C0406,41,Low,Bronze,Kannur,0.765,80,282,5813996.45,72674.955625,0.010225000000000001,0,VIP
C0407,38,Medium,Platinum,Kozhikode,1.3,73,280,4821673.22,66050.31808219178,0.009150684931506848,3,Regular
C0408,24,Low,Bronze,Kochi,0.765,61,227,4375188.26,71724.39770491802,0.015360655737704919,2,High Value
C0409,61,Medium,Silver,Kozhikode,1.0,76,272,3950137.8,51975.49736842105,0.02868421052631579,3,Regular
C0410,18,High,Silver,Kozhikode,1.35,65,237,3618383.34,55667.435999999994,0.020984615384615383,1,Low Value
C0411,26,Low,Bronze,Kochi,0.765,70,259,4951665.31,70738.07585714285,0.018257142857142857,2,High Value
C0412,28,Low,Gold,Malappuram,0.9775,65,203,3631212.1,55864.80153846154,0.012430769230769231,1,Low Value
C0413,31,High,Gold,Kozhikode,1.5525,64,245,3536507.51,55257.92984375,0.02671875,1,Low Value
C0414,24,Medium,Bronze,Thrissur,0.9,70,262,3644166.01,52059.51442857143,0.017414285714285715,3,Regular
C0415,18,Low,Gold,Malappuram,0.9775,72,240,4176925.02,58012.8475,0.007861111111111112,3,Regular
C0416,49,High,Bronze,Malappuram,1.215,74,301,4830836.02,65281.56783783783,0.00758108108108108,3,Regular
C0417,63,High,Bronze,Malappuram,1.215,75,262,4672630.99,62301.74653333334,0.024893333333333333,3,Regular
C0418,23,Medium,Silver,Kochi,1.0,72,267,5842746.04,81149.25055555555,0.02423611111111111,0,VIP
C0419,31,Medium,Platinum,Thrissur,1.3,75,273,5051789.14,67357.18853333333,0.0194,0,VIP
C0420,41,Medium,Bronze,Kochi,0.9,68,236,3163765.7,46525.96617647059,0.01813235294117647,1,Low Value
C0421,61,Low,Bronze,Thrissur,0.765,58,200,4101862.01,70721.75879310345,0.009344827586206897,2,High Value
C0422,50,Medium,Silver,Kannur,1.0,63,214,3968271.5,62988.43650793651,0.012571428571428572,1,Low Value
C0423,54,Medium,Gold,Thrissur,1.15,87,292,5964133.26,68553.25586206897,0.012264367816091953,0,VIP
C0424,45,Medium,Bronze,Malappuram,0.9,64,234,3126377.7600000002,48849.652500000004,0.00840625,1,Low Value
C0425,37,High,Bronze,Kozhikode,1.215,81,302,4855915.54,59949.57456790123,0.031160493827160494,0,VIP
C0426,27,Low,Gold,Kannur,0.9775,81,327,5934346.13,73263.5324691358,0.012308641975308642,0,VIP
C0427,58,Medium,Bronze,Kozhikode,0.9,67,223,5221194.9,77928.28208955225,0.010029850746268656,2,High Value
C0428,55,Low,Bronze,Malappuram,0.765,62,230,3804258.7,61359.01129032258,0.013048387096774193,1,Low Value
C0429,19,High,Bronze,Thrissur,1.215,80,238,3979122.83,49739.035375,0.0124125,3,Regular
C0430,51,Medium,Silver,Kannur,1.0,71,283,4163047.03,58634.465211267605,0.014154929577464788,3,Regular
C0431,21,Medium,Silver,Kannur,1.0,74,269,3411163.99,46096.810675675675,0.012432432432432432,3,Regular
C0432,52,Medium,Gold,Kochi,1.15,60,221,4681304.23,78021.73716666667,0.009200000000000002,2,High Value
C0433,56,Medium,Silver,Kannur,1.0,77,272,3739228.83,48561.41337662338,0.011402597402597402,3,Regular
C0434,24,Medium,Silver,Kochi,1.0,78,266,4135426.32,53018.28615384615,0.014987179487179488,3,Regular
C0435,38,Medium,Platinum,Malappuram,1.3,78,299,4517809.57,57920.63551282052,0.01523076923076923,3,Regular
C0436,23,Medium,Silver,Kannur,1.0,77,282,4632664.89,60164.47909090909,0.008701298701298701,3,Regular
C0437,44,Medium,Silver,Thrissur,1.0,71,276,4925429.04,69372.24,0.015816901408450705,2,High Value
C0438,61,High,Platinum,Kannur,1.755,86,349,5780269.0,67212.43023255814,0.010348837209302325,0,VIP
C0439,21,Medium,Bronze,Kozhikode,0.9,75,278,3842003.44,51226.71253333333,0.010893333333333333,3,Regular
C0440,36,Medium,Gold,Kozhikode,1.15,65,214,3625631.58,55778.947384615385,0.02023076923076923,1,Low Value
C0441,63,Low,Gold,Kozhikode,0.9775,83,313,4737769.24,57081.557108433735,0.021096385542168673,3,Regular
C0442,32,Medium,Bronze,Kozhikode,0.9,79,245,4518761.25,57199.509493670885,0.01,3,Regular
C0443,24,Medium,Silver,Thrissur,1.0,68,232,3231539.72,47522.64294117648,0.015264705882352942,1,Low Value
C0444,40,Medium,Bronze,Malappuram,0.9,68,226,3480659.7,51186.17205882353,0.019102941176470586,1,Low Value
C0445,41,Low,Bronze,Thrissur,0.765,82,275,4364158.51,53221.44524390244,0.017426829268292685,3,Regular
C0446,49,High,Silver,Malappuram,1.35,73,251,4429235.32,60674.45643835617,0.01258904109589041,3,Regular
C0447,32,Medium,Bronze,Kozhikode,0.9,71,279,4066958.68,57281.108169014085,0.013126760563380281,3,Regular
C0448,62,Medium,Gold,Kochi,1.15,65,249,3815473.15,58699.586923076924,0.006061538461538462,1,Low Value
C0449,42,Low,Gold,Malappuram,0.9775,64,209,4774782.14,74605.9709375,0.02034375,2,High Value
C0450,31,High,Gold,Kannur,1.5525,76,317,3858718.0,50772.60526315789,0.019026315789473683,3,Regular
C0451,63,Low,Bronze,Kannur,0.765,70,259,5011084.25,71586.91785714286,0.023399999999999997,2,High Value
C0452,61,Low,Bronze,Kozhikode,0.765,71,253,3643118.18,51311.523661971834,0.02095774647887324,1,Low Value
C0453,41,High,Bronze,Malappuram,1.215,78,306,5511858.76,70664.85589743589,0.012435897435897436,0,VIP
C0454,19,High,Bronze,Thrissur,1.215,83,340,4213978.28,50770.822650602415,0.011939759036144578,3,Regular
C0455,46,Low,Platinum,Thrissur,1.105,65,208,3519779.43,54150.452769230775,0.017446153846153844,1,Low Value
C0456,44,Medium,Silver,Kochi,1.0,75,265,4157437.66,55432.502133333335,0.026426666666666668,3,Regular
C0457,24,Medium,Bronze,Malappuram,0.9,64,234,4268397.27,66693.70734375,0.01928125,2,High Value
C0458,47,High,Gold,Kochi,1.5525,68,275,3815854.42,56115.50617647059,0.017161764705882352,3,Regular
C0459,57,Medium,Bronze,Kochi,0.9,78,262,5680507.65,72827.02115384616,0.012653846153846154,0,VIP
C0460,22,Medium,Bronze,Thrissur,0.9,66,275,3390548.76,51371.950909090905,0.006712121212121212,3,Regular
C0461,51,Medium,Bronze,Kochi,0.9,78,275,5069361.62,64991.81564102564,0.00941025641025641,0,VIP
C0462,24,Medium,Silver,Kozhikode,1.0,73,271,5073767.36,69503.66246575343,0.011123287671232877,0,VIP
C0463,53,Medium,Gold,Malappuram,1.15,72,266,4157115.51,57737.715416666666,0.018166666666666668,3,Regular
C0464,37,Medium,Bronze,Thrissur,0.9,69,269,4102880.82,59462.040869565215,0.014811594202898551,3,Regular
C0465,18,Low,Gold,Malappuram,0.9775,81,295,5727888.96,70714.67851851851,0.018333333333333333,0,VIP
C0466,63,High,Gold,Kochi,1.5525,76,265,4592968.31,60433.79355263157,0.011473684210526316,3,Regular
C0467,25,High,Gold,Thrissur,1.5525,78,274,4659417.94,59736.12743589744,0.010064102564102563,3,Regular
C0468,46,Medium,Bronze,Kannur,0.9,67,248,4056354.93,60542.61089552239,0.022746268656716417,1,Low Value
C0469,26,Low,Bronze,Kannur,0.765,86,332,5278002.65,61372.12383720931,0.021104651162790696,0,VIP
C0470,61,Low,Gold,Thrissur,0.9775,71,209,3649067.45,51395.3161971831,0.007521126760563381,1,Low Value
C0471,52,Medium,Bronze,Malappuram,0.9,55,244,3558736.12,64704.293090909094,0.013054545454545454,1,Low Value
C0472,55,Low,Silver,Kannur,0.85,69,235,3949580.59,57240.2984057971,0.017231884057971016,1,Low Value
C0473,38,High,Gold,Malappuram,1.5525,61,214,3497586.31,57337.48049180328,0.03314754098360656,1,Low Value
C0474,39,Medium,Bronze,Kochi,0.9,77,249,4876069.91,63325.583246753245,0.013519480519480518,3,Regular
C0475,47,Medium,Gold,Kannur,1.15,53,188,3357644.31,63351.77943396226,0.009849056603773585,1,Low Value
C0476,54,High,Platinum,Kozhikode,1.755,85,289,6450629.3,75889.75647058824,0.017423529411764706,0,VIP
C0477,57,Medium,Gold,Kannur,1.15,76,241,4486769.8,59036.4447368421,0.009868421052631578,3,Regular
C0478,18,Medium,Silver,Kozhikode,1.0,63,245,4341323.68,68909.89968253968,0.015031746031746031,2,High Value
C0479,49,Medium,Gold,Kannur,1.15,85,291,5003049.69,58859.408117647065,0.010152941176470589,3,Regular
C0480,23,Medium,Silver,Malappuram,1.0,75,278,4863322.51,64844.30013333333,0.005173333333333334,3,Regular
C0481,31,Medium,Gold,Malappuram,1.15,60,182,4038095.4,67301.59,0.0098,2,High Value
C0482,56,Medium,Gold,Kozhikode,1.15,79,290,5120759.4,64819.73924050634,0.021,0,VIP
C0483,29,High,Gold,Kannur,1.5525,70,185,3774169.4299999997,53916.70614285714,0.01694285714285714,1,Low Value
C0484,55,Medium,Bronze,Kochi,0.9,67,254,3744273.35,55884.676865671645,0.013686567164179105,1,Low Value
C0485,39,Low,Bronze,Malappuram,0.765,74,289,5756581.16,77791.6372972973,0.01808108108108108,0,VIP
C0486,28,Medium,Bronze,Kozhikode,0.9,79,259,5361721.64,67869.89417721519,0.018746835443037974,0,VIP
C0487,33,Medium,Silver,Malappuram,1.0,81,282,5266817.91,65022.443333333336,0.011666666666666667,0,VIP
C0488,42,Low,Silver,Kozhikode,0.85,72,247,4766357.01,66199.40291666666,0.02266666666666667,2,High Value
C0489,53,Low,Silver,Thrissur,0.85,66,226,3506435.35,53127.808333333334,0.029818181818181817,1,Low Value
C0490,46,Medium,Bronze,Kozhikode,0.9,76,273,4717869.25,62077.22697368421,0.015486842105263158,3,Regular
C0491,61,Medium,Gold,Kochi,1.15,66,258,4408211.15,66791.07803030303,0.011636363636363637,2,High Value
C0492,58,High,Gold,Kochi,1.5525,76,229,3478104.48,45764.53263157895,0.018960526315789473,1,Low Value
C0493,53,Low,Bronze,Thrissur,0.765,81,277,5969986.1,73703.53209876543,0.016049382716049384,0,VIP
C0494,46,Low,Gold,Kozhikode,0.9775,74,227,4062950.4,54904.73513513513,0.014864864864864866,3,Regular
C0495,31,Medium,Silver,Kozhikode,1.0,69,227,3958665.51,57371.96391304347,0.014115942028985506,1,Low Value
C0496,37,High,Silver,Thrissur,1.35,71,252,3695302.9699999997,52046.520704225346,0.023056338028169015,1,Low Value
C0497,23,Medium,Bronze,Kozhikode,0.9,84,279,5613867.71,66831.75845238095,0.01805952380952381,0,VIP
C0498,35,Low,Gold,Kozhikode,0.9775,64,213,3460810.44,54075.163125,0.01890625,1,Low Value
C0499,61,Low,Platinum,Kozhikode,1.105,90,343,4809562.18,53439.57977777778,0.006855555555555556,3,Regular
C0500,38,Medium,Gold,Kozhikode,1.15,73,250,5391725.34,73859.2512328767,0.016054794520547946,2,High Value
C0501,23,Medium,Gold,Thrissur,1.15,85,282,5922518.79,69676.69164705882,0.014129411764705883,0,VIP
C0502,48,Medium,Platinum,Malappuram,1.3,60,200,3883762.2399999998,64729.37066666666,0.0072833333333333335,1,Low Value
C0503,63,Low,Bronze,Kannur,0.765,71,251,5038274.3,70961.60985915492,0.007661971830985916,2,High Value
C0504,58,Medium,Silver,Thrissur,1.0,72,270,4444209.38,61725.130277777775,0.025750000000000002,3,Regular
C0505,30,High,Silver,Kochi,1.35,61,257,4187331.0,68644.77049180328,0.013065573770491805,2,High Value
C0506,39,Medium,Platinum,Kozhikode,1.3,71,204,4901448.08,69034.48,0.01291549295774648,2,High Value
C0507,42,Medium,Bronze,Kozhikode,0.9,66,230,4377640.88,66327.89212121212,0.016393939393939395,2,High Value
C0508,29,Low,Silver,Malappuram,0.85,63,210,2973717.84,47201.870476190474,0.011555555555555555,1,Low Value
C0509,30,Medium,Gold,Kozhikode,1.15,69,224,4068859.4,58968.9768115942,0.004826086956521739,1,Low Value
C0510,29,Medium,Bronze,Kannur,0.9,69,205,4118894.23,59694.11927536232,0.023681159420289855,1,Low Value
C0511,64,Medium,Gold,Kozhikode,1.15,71,251,3631823.21,51152.439577464786,0.027619718309859157,1,Low Value
C0512,53,High,Bronze,Malappuram,1.215,67,219,3787869.6,56535.36716417911,0.012940298507462686,1,Low Value
C0513,57,High,Platinum,Kochi,1.755,65,191,4633230.19,71280.46446153848,0.019769230769230768,2,High Value
C0514,56,High,Gold,Kannur,1.5525,73,265,4588087.37,62850.511917808224,0.012671232876712329,3,Regular
C0515,63,High,Bronze,Kannur,1.215,81,303,4866953.72,60085.84839506172,0.006851851851851851,3,Regular
C0516,22,High,Gold,Thrissur,1.5525,59,251,3736281.06,63326.79762711864,0.033745762711864406,1,Low Value
C0517,59,Low,Bronze,Kozhikode,0.765,72,251,4074216.92,56586.34611111111,0.017569444444444443,3,Regular
C0518,21,Low,Silver,Kochi,0.85,85,295,4924993.49,57941.099882352944,0.024800000000000003,0,VIP
C0519,40,Medium,Silver,Thrissur,1.0,68,222,4209257.25,61900.841911764706,0.02277941176470588,1,Low Value
C0520,45,Medium,Gold,Malappuram,1.15,69,218,4461418.04,64658.232463768116,0.011420289855072464,2,High Value
C0521,34,Low,Bronze,Kannur,0.765,90,309,4984983.98,55388.71088888889,0.01421111111111111,3,Regular
C0522,24,High,Bronze,Thrissur,1.215,79,272,5490706.62,69502.61544303798,0.018,0,VIP
C0523,27,Medium,Gold,Malappuram,1.15,54,165,3280546.51,60750.861296296294,0.01412962962962963,1,Low Value
C0524,56,Medium,Silver,Kannur,1.0,59,181,4325283.96,73309.89762711864,0.010033898305084745,2,High Value
C0525,32,Low,Silver,Kannur,0.85,57,204,3816617.18,66958.19614035088,0.021105263157894735,1,Low Value
C0526,32,Medium,Bronze,Malappuram,0.9,77,284,4738547.22,61539.57428571428,0.0195974025974026,3,Regular
C0527,61,Low,Bronze,Kochi,0.765,77,274,4545525.99,59032.80506493507,0.011974025974025974,3,Regular
C0528,24,High,Gold,Kochi,1.5525,77,291,4906568.25,63721.66558441558,0.010935064935064935,3,Regular
C0529,61,Medium,Bronze,Malappuram,0.9,72,260,4119856.95,57220.23541666667,0.02288888888888889,3,Regular
C0530,61,Medium,Bronze,Malappuram,0.9,52,182,3119038.01,59981.500192307685,0.016903846153846155,1,Low Value
C0531,46,Medium,Platinum,Kochi,1.3,78,298,4760021.08,61025.91128205128,0.0050384615384615385,3,Regular
C0532,25,Medium,Bronze,Kochi,0.9,81,292,3996300.54,49337.043703703705,0.01732098765432099,3,Regular
C0533,25,Medium,Gold,Thrissur,1.15,73,291,4429160.57,60673.43246575343,0.015684931506849315,3,Regular
C0534,31,Medium,Bronze,Thrissur,0.9,77,240,3320973.18,43129.52181818182,0.026246753246753244,1,Low Value
C0535,45,Medium,Gold,Kochi,1.15,73,235,4008636.92,54912.83452054794,0.014260273972602738,3,Regular
C0536,25,Low,Gold,Malappuram,0.9775,76,278,4474957.43,58881.018815789466,0.023289473684210527,3,Regular
C0537,39,High,Gold,Kochi,1.5525,79,263,5456398.93,69068.34088607595,0.018151898734177215,0,VIP
C0538,23,Low,Bronze,Thrissur,0.765,64,217,3573006.95,55828.23359375,0.0153125,1,Low Value
C0539,43,High,Silver,Kannur,1.35,63,220,4529226.32,71892.48126984127,0.021968253968253967,2,High Value
C0540,18,Low,Gold,Kannur,0.9775,72,238,4674542.9,64924.20694444445,0.028097222222222225,2,High Value
C0541,51,Medium,Bronze,Malappuram,0.9,66,256,4426351.1,67065.92575757575,0.021030303030303028,2,High Value
C0542,20,High,Bronze,Thrissur,1.215,73,254,4869255.98,66702.13671232878,0.01919178082191781,2,High Value
C0543,27,Low,Bronze,Kannur,0.765,75,227,4640337.25,61871.16333333333,0.020746666666666667,2,High Value
C0544,26,Medium,Platinum,Thrissur,1.3,78,250,3404065.22,43641.861794871795,0.02085897435897436,3,Regular
C0545,57,Medium,Gold,Malappuram,1.15,77,275,5058239.54,65691.4225974026,0.024415584415584415,0,VIP
C0546,20,Low,Silver,Thrissur,0.85,68,196,4093376.33,60196.71073529412,0.026,1,Low Value
C0547,38,Medium,Gold,Malappuram,1.15,69,231,4246703.43,61546.42652173913,0.018101449275362322,2,High Value
C0548,45,High,Silver,Kannur,1.35,83,238,5393206.48,64978.39132530121,0.012831325301204819,0,VIP
C0549,42,High,Silver,Malappuram,1.35,70,237,3421006.58,48871.52257142857,0.013300000000000001,1,Low Value
C0550,49,Medium,Silver,Kannur,1.0,86,304,5663777.66,65857.87976744186,0.012348837209302327,0,VIP
C0551,55,Medium,Silver,Kochi,1.0,68,227,3734724.03,54922.41220588235,0.014720588235294116,1,Low Value
C0552,36,Low,Bronze,Kochi,0.765,68,241,5222580.82,76802.65911764707,0.020911764705882352,2,High Value
C0553,56,Low,Gold,Kochi,0.9775,70,235,4653915.65,66484.50928571429,0.01577142857142857,2,High Value
C0554,32,Low,Gold,Malappuram,0.9775,66,220,4816531.29,72977.74681818183,0.02487878787878788,2,High Value
C0555,64,High,Bronze,Thrissur,1.215,70,239,4404874.69,62926.78128571429,0.012885714285714287,2,High Value
C0556,41,High,Silver,Kozhikode,1.35,58,217,3701929.94,63826.378275862065,0.022344827586206897,1,Low Value
C0557,52,Medium,Bronze,Kochi,0.9,58,208,3311083.1,57087.63965517242,0.013431034482758621,1,Low Value
C0558,59,Medium,Platinum,Kannur,1.3,57,216,3772193.65,66178.83596491227,0.0072280701754385964,1,Low Value
C0559,55,Medium,Gold,Thrissur,1.15,77,291,5026154.95,65274.73961038961,0.011181818181818182,0,VIP
C0560,58,Medium,Platinum,Thrissur,1.3,73,265,3589713.34,49174.155342465754,0.017767123287671233,3,Regular
C0561,43,Medium,Bronze,Malappuram,0.9,76,262,4400921.88,57906.866842105264,0.009894736842105263,3,Regular
C0562,20,Medium,Bronze,Malappuram,0.9,68,252,5926423.24,87153.28294117647,0.016205882352941174,2,High Value
C0563,41,Low,Bronze,Kochi,0.765,80,285,5412556.79,67656.959875,0.014724999999999999,0,VIP
C0564,26,Low,Bronze,Kochi,0.765,61,206,3934363.02,64497.754426229505,0.023672131147540982,1,Low Value
C0565,59,High,Bronze,Kannur,1.215,88,285,5833851.11,66293.76261363637,0.014329545454545454,0,VIP
C0566,29,Medium,Bronze,Kozhikode,0.9,78,293,5644313.7,72362.99615384615,0.018,0,VIP
C0567,28,High,Platinum,Thrissur,1.755,74,269,5211501.48,70425.69567567568,0.02181081081081081,0,VIP
C0568,29,Low,Bronze,Thrissur,0.765,75,253,4066673.32,54222.310933333334,0.013173333333333334,3,Regular
C0569,48,Medium,Bronze,Kozhikode,0.9,60,212,3866634.45,64443.9075,0.01325,1,Low Value
C0570,44,Low,Gold,Kozhikode,0.9775,75,242,5612654.51,74835.39346666666,0.01208,0,VIP
C0571,62,Medium,Silver,Thrissur,1.0,89,338,4656439.54,52319.54539325843,0.009235955056179777,3,Regular
C0572,37,Low,Gold,Kochi,0.9775,65,222,3748541.04,57669.86215384615,0.009938461538461538,1,Low Value
C0573,31,Low,Silver,Malappuram,0.85,73,257,5246961.81,71876.18917808219,0.015273972602739726,2,High Value
C0574,20,High,Gold,Kannur,1.5525,86,294,5305219.8,61688.60232558139,0.019337209302325582,0,VIP
C0575,18,Medium,Silver,Thrissur,1.0,57,180,3686316.45,64672.21842105263,0.011719298245614036,1,Low Value
C0576,35,Medium,Silver,Thrissur,1.0,59,200,3964437.05,67193.84830508474,0.04006779661016949,1,Low Value
C0577,61,Medium,Gold,Kochi,1.15,75,259,5988250.34,79843.33786666667,0.010093333333333333,0,VIP
C0578,42,Medium,Silver,Kochi,1.0,78,262,4541868.66,58229.085384615384,0.007333333333333332,3,Regular
C0579,59,Medium,Bronze,Kozhikode,0.9,80,265,4801691.68,60021.14599999999,0.0141125,3,Regular
C0580,22,Low,Silver,Kozhikode,0.85,55,215,3302536.51,60046.11836363636,0.015109090909090909,1,Low Value
C0581,22,High,Bronze,Kochi,1.215,77,303,5749827.7299999995,74673.08740259739,0.02242857142857143,0,VIP
C0582,57,High,Gold,Kannur,1.5525,81,292,5078351.34,62695.695555555554,0.013296296296296296,0,VIP
C0583,23,Medium,Bronze,Kochi,0.9,59,219,5035377.97,85345.3893220339,0.01876271186440678,2,High Value
C0584,20,Medium,Bronze,Thrissur,0.9,71,215,3459759.05,48729.00070422535,0.022563380281690137,1,Low Value
C0585,36,Low,Bronze,Malappuram,0.765,66,223,4512299.87,68368.17984848486,0.019439393939393937,2,High Value
C0586,61,High,Gold,Thrissur,1.5525,69,239,5015219.6,72684.3420289855,0.02644927536231884,2,High Value
C0587,50,Medium,Bronze,Kozhikode,0.9,84,304,4637704.09,55210.762976190475,0.009797619047619048,3,Regular
C0588,22,Low,Silver,Kozhikode,0.85,50,184,2568964.3,51379.28599999999,0.02092,1,Low Value
C0589,57,Medium,Gold,Thrissur,1.15,73,289,4962350.2,67977.40000000001,0.007931506849315068,0,VIP
C0590,57,Medium,Bronze,Kozhikode,0.9,67,224,4169855.35,62236.64701492537,0.02125373134328358,1,Low Value
C0591,55,Medium,Gold,Thrissur,1.15,65,220,3537719.15,54426.44846153846,0.028092307692307694,1,Low Value
C0592,60,Medium,Bronze,Kochi,0.9,54,220,3679349.7,68136.10555555556,0.01462962962962963,1,Low Value
C0593,29,Medium,Bronze,Kochi,0.9,69,247,4058061.21,58812.48130434783,0.014550724637681159,3,Regular
C0594,64,Low,Silver,Thrissur,0.85,63,219,4423056.41,70207.24460317461,0.01,2,High Value
C0595,33,High,Gold,Thrissur,1.5525,89,304,6230664.4799999995,70007.46606741572,0.01648314606741573,0,VIP
C0596,55,Medium,Bronze,Kochi,0.9,74,261,4997519.3,67534.0445945946,0.02141891891891892,2,High Value
C0597,45,Medium,Silver,Kannur,1.0,78,271,5184291.31,66465.2732051282,0.010064102564102563,0,VIP
C0598,54,Low,Bronze,Kochi,0.765,64,226,3633949.18,56780.4559375,0.008968750000000001,1,Low Value
C0599,47,High,Silver,Kannur,1.35,60,206,4378506.0600000005,72975.10100000001,0.009800000000000001,2,High Value
C0600,48,Medium,Silver,Thrissur,1.0,73,276,4646242.62,63647.15917808219,0.012164383561643836,3,Regular
C0601,46,Low,Silver,Kannur,0.85,74,299,4969920.43,67161.08689189189,0.01968918918918919,0,VIP
C0602,54,Medium,Silver,Kannur,1.0,62,225,3685634.34,59445.71516129032,0.017548387096774195,1,Low Value
C0603,52,Low,Bronze,Kozhikode,0.765,80,327,5848839.04,73110.488,0.026275,0,VIP
C0604,24,Low,Silver,Thrissur,0.85,68,227,4897985.78,72029.20264705883,0.012808823529411765,2,High Value
C0605,56,Medium,Silver,Kozhikode,1.0,56,194,3304249.57,59004.456607142856,0.018839285714285715,1,Low Value
C0606,43,Medium,Silver,Malappuram,1.0,62,217,3918140.58,63195.81580645162,0.01485483870967742,1,Low Value
C0607,33,High,Bronze,Kozhikode,1.215,63,234,4403642.31,69899.08428571429,0.018555555555555558,2,High Value
C0608,42,Medium,Silver,Malappuram,1.0,80,284,4930262.87,61628.285875,0.0270625,0,VIP
C0609,63,Medium,Silver,Kannur,1.0,63,190,3568889.05,56649.032539682536,0.022126984126984127,1,Low Value
C0610,58,Medium,Bronze,Malappuram,0.9,62,233,3623803.7,58448.44677419355,0.004112903225806452,1,Low Value
C0611,57,Medium,Bronze,Kochi,0.9,62,201,4524465.35,72975.24758064515,0.012806451612903226,2,High Value
C0612,39,Medium,Silver,Kozhikode,1.0,61,202,3622174.59,59379.91131147541,0.010819672131147541,1,Low Value
C0613,54,Medium,Gold,Thrissur,1.15,71,261,4936675.11,69530.63535211269,0.013253521126760565,2,High Value
C0614,36,High,Bronze,Malappuram,1.215,64,209,4811716.62,75183.0721875,0.010187499999999999,2,High Value
C0615,50,Medium,Gold,Malappuram,1.15,70,273,4143714.53,59195.92185714286,0.018600000000000002,3,Regular
C0616,48,Low,Silver,Malappuram,0.85,65,242,4198367.76,64590.27323076923,0.01673846153846154,2,High Value
C0617,29,Medium,Gold,Kozhikode,1.15,68,254,3220846.34,47365.38735294117,0.01729411764705882,1,Low Value
C0618,30,High,Silver,Malappuram,1.35,77,279,4438529.37,57643.23857142857,0.006727272727272728,3,Regular
C0619,20,Low,Silver,Thrissur,0.85,81,295,4935234.79,60928.82456790123,0.022358024691358024,0,VIP
C0620,24,Medium,Silver,Kannur,1.0,67,275,3745160.6,55897.91940298508,0.019880597014925373,3,Regular
C0621,38,High,Platinum,Thrissur,1.755,79,296,4977563.69,63007.1353164557,0.01810126582278481,0,VIP
C0622,40,Medium,Silver,Kannur,1.0,67,250,4743141.3,70793.15373134328,0.025567164179104478,2,High Value
C0623,25,High,Silver,Kannur,1.35,75,275,5237575.55,69834.34066666667,0.01724,0,VIP
C0624,37,Medium,Silver,Kochi,1.0,69,279,4134008.47,59913.16623188406,0.007449275362318841,3,Regular
C0625,46,Medium,Gold,Kozhikode,1.15,73,240,3822348.79,52360.94232876712,0.007972602739726027,3,Regular
C0626,28,Medium,Bronze,Kozhikode,0.9,81,288,5402308.54,66695.16716049383,0.01908641975308642,0,VIP
C0627,33,High,Silver,Kochi,1.35,68,247,3767933.77,55410.79073529412,0.013970588235294118,1,Low Value
C0628,35,Medium,Silver,Kochi,1.0,87,292,5527567.43,63535.25781609195,0.017413793103448275,0,VIP
C0629,41,Medium,Platinum,Thrissur,1.3,63,210,4353625.73,69105.17031746033,0.016142857142857143,2,High Value
C0630,35,Medium,Silver,Kozhikode,1.0,81,273,5691355.46,70263.64765432099,0.02280246913580247,0,VIP
C0631,52,Medium,Silver,Kochi,1.0,65,219,3275435.53,50391.31584615384,0.015953846153846152,1,Low Value
C0632,33,Medium,Platinum,Kozhikode,1.3,70,228,5305988.71,75799.83871428571,0.01582857142857143,2,High Value
C0633,38,Medium,Silver,Kozhikode,1.0,65,242,4461550.13,68639.23276923077,0.01323076923076923,2,High Value
C0634,35,High,Bronze,Kochi,1.215,62,226,3731405.87,60183.96564516129,0.011177419354838711,1,Low Value
C0635,26,Medium,Bronze,Kochi,0.9,83,257,5343834.88,64383.55277108434,0.01783132530120482,0,VIP
C0636,50,Medium,Bronze,Thrissur,0.9,69,222,3690247.09,53481.84188405797,0.017608695652173913,1,Low Value
C0637,29,Medium,Bronze,Kannur,0.9,53,189,2949322.55,55647.59528301886,0.012981132075471698,1,Low Value
C0638,31,Medium,Silver,Malappuram,1.0,62,202,3359941.27,54192.60112903226,0.020774193548387096,1,Low Value
C0639,55,Medium,Gold,Thrissur,1.15,74,274,4534767.24,61280.63837837838,0.015635135135135137,3,Regular
C0640,62,Low,Gold,Kannur,0.9775,80,267,4252701.7,53158.771250000005,0.015312500000000001,3,Regular
C0641,49,Low,Bronze,Kannur,0.765,82,304,4742564.88,57836.15707317073,0.013780487804878047,3,Regular
C0642,61,Medium,Silver,Kochi,1.0,69,273,3832371.73,55541.61927536232,0.009014492753623189,3,Regular
C0643,58,Medium,Bronze,Kannur,0.9,90,335,5110543.65,56783.818333333336,0.02141111111111111,0,VIP
C0644,40,Medium,Platinum,Kochi,1.3,74,229,4379681.1,59184.87972972973,0.011756756756756756,3,Regular
C0645,54,Low,Bronze,Kochi,0.765,69,238,4825965.59,69941.53028985507,0.02346376811594203,2,High Value
C0646,33,Medium,Silver,Malappuram,1.0,76,306,4511678.66,59364.19289473684,0.019657894736842107,3,Regular
C0647,39,Low,Bronze,Thrissur,0.765,76,277,5476570.07,72060.1325,0.018394736842105262,0,VIP
C0648,43,Medium,Silver,Kochi,1.0,74,251,5624478.4,76006.46486486487,0.009135135135135135,0,VIP
C0649,63,High,Silver,Kozhikode,1.35,75,250,4277481.26,57033.08346666666,0.01748,3,Regular
C0650,57,Low,Gold,Kozhikode,0.9775,57,215,2926017.12,51333.63368421053,0.013666666666666667,1,Low Value
C0651,40,Medium,Bronze,Kozhikode,0.9,71,238,4168785.75,58715.292253521126,0.022126760563380282,1,Low Value
C0652,48,Low,Gold,Kannur,0.9775,74,267,3980153.36,53785.85621621621,0.004135135135135135,3,Regular
C0653,27,Medium,Silver,Kozhikode,1.0,63,204,5435200.93,86273.03063492064,0.0054285714285714284,2,High Value
C0654,55,Low,Gold,Kozhikode,0.9775,70,280,2704707.08,38638.67257142857,0.009371428571428572,3,Regular
C0655,43,Medium,Gold,Kochi,1.15,72,242,3054102.88,42418.095555555556,0.008486111111111111,1,Low Value
C0656,43,Medium,Platinum,Kochi,1.3,74,233,4406371.01,59545.554189189184,0.01018918918918919,3,Regular
C0657,54,High,Bronze,Kochi,1.215,64,262,2879122.64,44986.29125,0.02571875,1,Low Value
C0658,47,Low,Bronze,Malappuram,0.765,75,272,4929755.08,65730.06773333333,0.015199999999999998,0,VIP
C0659,21,Medium,Bronze,Malappuram,0.9,72,225,5117475.78,71076.0525,0.02704166666666667,2,High Value
C0660,31,Medium,Bronze,Malappuram,0.9,64,225,4103970.44,64124.538125,0.0165625,2,High Value
C0661,26,High,Silver,Kannur,1.35,77,284,6501061.73,84429.37311688313,0.012935064935064935,0,VIP
C0662,52,Medium,Platinum,Malappuram,1.3,85,314,4331041.42,50953.42847058823,0.016447058823529412,3,Regular
C0663,19,Medium,Platinum,Kochi,1.3,87,318,4722457.09,54281.11597701149,0.006678160919540229,3,Regular
C0664,27,Medium,Silver,Kozhikode,1.0,53,169,3198967.0,60357.8679245283,0.0149811320754717,1,Low Value
C0665,46,Medium,Silver,Kozhikode,1.0,79,256,5041599.11,63817.71025316456,0.007265822784810126,3,Regular
C0666,50,High,Gold,Kannur,1.5525,79,269,5408365.18,68460.31873417721,0.014746835443037976,0,VIP
C0667,41,Medium,Platinum,Kozhikode,1.3,79,256,5972007.55,75595.03227848101,0.0170126582278481,0,VIP
C0668,58,Medium,Bronze,Kochi,0.9,83,318,3903945.21,47035.48445783133,0.01510843373493976,3,Regular
C0669,61,Low,Silver,Thrissur,0.85,74,263,4161710.92,56239.336756756755,0.02862162162162162,3,Regular
C0670,24,Medium,Gold,Malappuram,1.15,79,250,5448201.13,68964.57126582279,0.010962025316455697,0,VIP
C0671,62,High,Bronze,Kochi,1.215,68,268,5135457.8,75521.43823529412,0.014161764705882353,2,High Value
C0672,46,Medium,Silver,Thrissur,1.0,63,226,4514311.12,71655.73206349206,0.010222222222222223,2,High Value
C0673,47,Medium,Platinum,Kozhikode,1.3,64,219,3980290.34,62192.0365625,0.007734375,1,Low Value
C0674,22,High,Platinum,Kannur,1.755,83,302,5377001.91,64783.15554216868,0.016012048192771085,0,VIP
C0675,47,High,Gold,Kannur,1.5525,66,219,4606160.4,69790.3090909091,0.006924242424242425,2,High Value
C0676,52,Medium,Gold,Kozhikode,1.15,63,229,4782356.6899999995,75910.42365079364,0.019761904761904765,2,High Value
C0677,45,Medium,Bronze,Malappuram,0.9,78,265,4368838.83,56010.754230769235,0.010692307692307692,3,Regular
C0678,21,Medium,Bronze,Malappuram,0.9,62,212,3394770.9699999997,54754.37048387096,0.018129032258064514,1,Low Value
C0679,42,Medium,Silver,Thrissur,1.0,68,225,4687449.4799999995,68933.08058823529,0.020999999999999998,2,High Value
C0680,61,Medium,Silver,Kochi,1.0,71,228,4027153.25,56720.468309859156,0.01840845070422535,1,Low Value
C0681,52,Low,Silver,Kozhikode,0.85,71,250,3904922.74,54998.91183098592,0.00804225352112676,3,Regular
C0682,24,High,Silver,Kochi,1.35,73,240,5381055.93,73713.09493150684,0.010794520547945207,2,High Value
C0683,63,High,Silver,Thrissur,1.35,69,258,4678465.46,67803.84724637681,0.010869565217391304,2,High Value
C0684,63,High,Gold,Kochi,1.5525,62,193,3245054.01,52339.58080645161,0.0202741935483871,1,Low Value
C0685,25,High,Bronze,Malappuram,1.215,68,223,3657767.09,53790.6925,0.016735294117647057,1,Low Value
C0686,55,Medium,Bronze,Thrissur,0.9,67,187,3424137.65,51106.53208955224,0.010208955223880599,1,Low Value
C0687,37,Medium,Bronze,Kannur,0.9,76,283,5035740.37,66259.74171052632,0.018828947368421053,0,VIP
C0688,45,Medium,Bronze,Kozhikode,0.9,79,290,4223311.1,53459.634177215186,0.018329113924050632,3,Regular
C0689,38,Medium,Gold,Kochi,1.15,83,278,6486775.77,78153.92493975903,0.016614457831325303,0,VIP
C0690,54,Medium,Silver,Thrissur,1.0,63,217,4107244.12,65194.351111111115,0.016999999999999998,2,High Value
C0691,64,Low,Bronze,Kochi,0.765,79,273,5312809.47,67250.75278481012,0.01350632911392405,0,VIP
C0692,55,Medium,Gold,Kochi,1.15,65,217,4316518.12,66407.97107692307,0.025215384615384615,2,High Value
C0693,61,Medium,Silver,Kannur,1.0,49,155,4182748.18,85362.20775510205,0.0012448979591836735,2,High Value
C0694,62,Medium,Bronze,Kannur,0.9,69,212,4214069.5,61073.47101449275,0.020956521739130433,1,Low Value
C0695,22,Medium,Bronze,Thrissur,0.9,79,281,4713995.03,59670.82316455697,0.028620253164556964,3,Regular
C0696,29,Medium,Bronze,Kannur,0.9,71,259,4619583.69,65064.559014084516,0.010225352112676056,2,High Value
C0697,51,Low,Silver,Kochi,0.85,83,316,5294039.95,63783.61385542169,0.009987951807228916,0,VIP
C0698,45,High,Bronze,Kochi,1.215,67,265,3916636.62,58457.26298507463,0.018044776119402986,3,Regular
C0699,20,High,Bronze,Kozhikode,1.215,88,303,4586195.74,52115.86068181819,0.010772727272727272,3,Regular
C0700,22,Low,Bronze,Kochi,0.765,67,224,4774905.84,71267.25134328358,0.016194029850746267,2,High Value
C0701,42,Low,Silver,Kannur,0.85,57,179,3117212.46,54687.93789473684,0.009596491228070174,1,Low Value
C0702,46,Medium,Bronze,Kochi,0.9,73,247,4249257.07,58209.000958904115,0.02438356164383562,3,Regular
C0703,25,Medium,Gold,Malappuram,1.15,76,285,2965651.98,39021.73657894737,0.021539473684210525,3,Regular
C0704,26,High,Bronze,Kannur,1.215,76,251,3929105.01,51698.75013157894,0.020434210526315787,3,Regular
C0705,24,Low,Silver,Thrissur,0.85,84,266,4917855.81,58545.9025,0.019857142857142858,3,Regular
C0706,44,Medium,Silver,Kozhikode,1.0,57,191,3400852.32,59664.07578947368,0.01810526315789474,1,Low Value
C0707,18,Low,Silver,Malappuram,0.85,86,289,4439112.86,51617.59139534884,0.01327906976744186,3,Regular
C0708,44,Medium,Bronze,Malappuram,0.9,79,304,4048830.5,51251.01898734177,0.013468354430379748,3,Regular
C0709,40,High,Gold,Thrissur,1.5525,86,323,7341794.7,85369.7058139535,0.01077906976744186,0,VIP
C0710,39,Low,Gold,Malappuram,0.9775,62,199,3312760.95,53431.62822580645,0.02829032258064516,1,Low Value
C0711,49,Low,Bronze,Kozhikode,0.765,68,219,4942262.17,72680.32602941176,0.02875,2,High Value
C0712,42,Medium,Bronze,Thrissur,0.9,69,246,4885678.74,70806.93826086957,0.005478260869565217,2,High Value
C0713,52,Medium,Gold,Kannur,1.15,86,290,5979327.28,69527.06139534884,0.021767441860465118,0,VIP
C0714,53,High,Silver,Malappuram,1.35,71,276,4274115.1,60198.804225352105,0.012239436619718309,3,Regular
C0715,61,High,Bronze,Kochi,1.215,49,184,2720381.57,55517.99122448979,0.012183673469387755,1,Low Value
C0716,55,Low,Bronze,Malappuram,0.765,72,260,4850148.99,67363.18041666667,0.017208333333333332,2,High Value
C0717,42,Low,Silver,Kannur,0.85,84,290,4635827.0600000005,55188.417380952385,0.01438095238095238,3,Regular
C0718,41,Medium,Gold,Kannur,1.15,79,307,6773410.64,85739.37518987342,0.014455696202531645,0,VIP
C0719,29,Medium,Silver,Malappuram,1.0,76,288,5119842.0,67366.34210526316,0.015539473684210527,0,VIP
C0720,46,High,Platinum,Kochi,1.755,71,257,3824017.43,53859.40042253521,0.015056338028169013,3,Regular
C0721,24,Medium,Silver,Malappuram,1.0,74,256,4830711.63,65279.88689189189,0.010094594594594594,3,Regular
C0722,61,Low,Bronze,Kannur,0.765,71,244,4906594.96,69106.97126760564,0.02043661971830986,2,High Value
C0723,57,High,Silver,Kannur,1.35,65,227,3513157.83,54048.582,0.018584615384615383,1,Low Value
C0724,23,Low,Bronze,Kochi,0.765,70,265,4007457.09,57249.386999999995,0.0095,3,Regular
C0725,54,Medium,Bronze,Kozhikode,0.9,60,175,3649498.1,60824.96833333334,0.01896666666666667,1,Low Value
C0726,23,Medium,Bronze,Malappuram,0.9,62,244,2792049.21,45033.05177419355,0.011903225806451612,1,Low Value
C0727,51,Medium,Bronze,Kochi,0.9,66,240,3472601.04,52615.167272727274,0.01253030303030303,1,Low Value
C0728,22,Medium,Gold,Kannur,1.15,88,294,5588929.45,63510.561931818185,0.015284090909090909,0,VIP
C0729,40,Medium,Bronze,Kochi,0.9,82,338,4813275.04,58698.476097560975,0.013012195121951219,3,Regular
C0730,48,High,Silver,Thrissur,1.35,89,339,5666236.12,63665.574382022474,0.015325842696629212,0,VIP
C0731,52,High,Silver,Kannur,1.35,76,259,5269671.36,69337.78105263159,0.018065789473684212,0,VIP
C0732,37,Medium,Silver,Thrissur,1.0,78,249,5057223.97,64836.20474358974,0.019256410256410256,0,VIP
C0733,61,Low,Gold,Thrissur,0.9775,82,278,5472338.32,66735.83317073171,0.015256097560975608,0,VIP
C0734,54,Medium,Gold,Kozhikode,1.15,57,194,2601810.93,45645.805789473685,0.011754385964912281,1,Low Value
C0735,27,High,Gold,Kannur,1.5525,87,333,4607325.31,52957.76218390804,0.03759770114942529,3,Regular
C0736,49,Medium,Bronze,Malappuram,0.9,61,185,5177301.21,84873.79032786885,0.011360655737704919,2,High Value
C0737,52,Medium,Silver,Kochi,1.0,77,309,6562927.96,85232.83064935065,0.012922077922077922,0,VIP
C0738,33,Medium,Silver,Kozhikode,1.0,68,236,4947122.45,72751.80073529412,0.01788235294117647,2,High Value
C0739,52,Low,Bronze,Kozhikode,0.765,76,246,5239715.0,68943.61842105263,0.025710526315789472,2,High Value
C0740,60,Medium,Bronze,Malappuram,0.9,67,238,4535045.7,67687.24925373135,0.00891044776119403,2,High Value
C0741,56,Medium,Bronze,Kozhikode,0.9,86,301,6036557.8,70192.53255813953,0.014930232558139534,0,VIP
C0742,53,Medium,Silver,Malappuram,1.0,58,184,3444190.73,59382.59879310345,0.0073965517241379305,1,Low Value
C0743,47,High,Silver,Malappuram,1.35,79,270,6290078.72,79621.24962025316,0.02450632911392405,0,VIP
C0744,30,High,Bronze,Kozhikode,1.215,65,199,4112572.94,63270.35292307692,0.022061538461538462,1,Low Value
C0745,55,Medium,Gold,Thrissur,1.15,59,207,4147586.16,70298.07050847459,0.016864406779661018,2,High Value
C0746,35,Medium,Platinum,Kozhikode,1.3,71,244,4428611.92,62374.81577464788,0.02467605633802817,2,High Value
C0747,43,Medium,Bronze,Thrissur,0.9,64,217,5646799.53,88231.24265625,0.0194375,2,High Value
C0748,32,High,Platinum,Kozhikode,1.755,71,233,4730192.71,66622.43253521126,0.015929577464788732,2,High Value
C0749,32,Medium,Bronze,Kannur,0.9,73,256,5242241.54,71811.52794520548,0.020794520547945207,2,High Value
C0750,25,High,Platinum,Kozhikode,1.755,81,254,5199173.89,64187.33197530864,0.015543209876543208,0,VIP
C0751,63,Low,Platinum,Kochi,1.105,71,236,4953623.21,69769.34098591549,0.011647887323943661,2,High Value
C0752,24,High,Bronze,Kochi,1.215,82,250,5384500.91,65664.64524390244,0.014670731707317074,0,VIP
C0753,22,Low,Gold,Kannur,0.9775,59,218,4037824.16,68437.69762711864,0.011440677966101695,2,High Value
C0754,61,Low,Platinum,Kannur,1.105,70,255,4156510.84,59378.726285714285,0.020628571428571427,3,Regular
C0755,44,Medium,Gold,Kozhikode,1.15,70,278,4616131.43,65944.7347142857,0.011928571428571427,3,Regular
C0756,38,Low,Platinum,Thrissur,1.105,64,221,4091673.19,63932.39359375,0.01509375,2,High Value
C0757,52,Low,Silver,Malappuram,0.85,83,280,5162380.61,62197.356746987956,0.011903614457831325,0,VIP
C0758,36,Low,Bronze,Kochi,0.765,74,241,4684475.07,63303.71716216217,0.009648648648648648,3,Regular
C0759,24,Medium,Gold,Malappuram,1.15,61,204,4525951.9,74195.93278688526,0.01959016393442623,2,High Value
C0760,52,Medium,Silver,Thrissur,1.0,60,231,4073290.97,67888.18283333334,0.01135,2,High Value
C0761,26,Low,Silver,Kannur,0.85,82,305,5105901.17,62267.08743902439,0.009853658536585366,0,VIP
C0762,43,Medium,Silver,Kannur,1.0,75,259,4972450.41,66299.3388,0.012986666666666667,0,VIP
C0763,62,High,Silver,Kochi,1.35,76,251,4488911.4,59064.62368421053,0.004184210526315789,3,Regular
C0764,61,Low,Bronze,Kozhikode,0.765,54,210,2392414.77,44303.977222222224,0.010444444444444445,1,Low Value
C0765,34,Low,Gold,Malappuram,0.9775,71,240,4841656.59,68192.34633802816,0.008661971830985915,2,High Value
C0766,54,High,Bronze,Kochi,1.215,74,296,5075107.62,68582.5354054054,0.011405405405405406,0,VIP
C0767,46,High,Gold,Malappuram,1.5525,87,344,5127567.73,58937.560114942535,0.01614942528735632,0,VIP
C0768,40,Medium,Gold,Kochi,1.15,64,218,2974079.21,46469.98765625,0.0111875,1,Low Value
C0769,24,High,Silver,Kochi,1.35,77,267,3961160.91,51443.648181818186,0.022662337662337665,3,Regular
C0770,35,Low,Silver,Kochi,0.85,69,254,4250936.48,61607.77507246377,0.01972463768115942,2,High Value
C0771,48,Medium,Bronze,Kozhikode,0.9,67,244,4094888.39,61117.7371641791,0.020597014925373133,1,Low Value
C0772,64,Medium,Platinum,Thrissur,1.3,72,243,5309400.16,73741.66888888889,0.008444444444444444,2,High Value
C0773,18,Medium,Gold,Kochi,1.15,86,320,4087816.81,47532.75360465117,0.012965116279069768,3,Regular
C0774,51,Medium,Bronze,Kannur,0.9,71,266,4922537.26,69331.51070422535,0.029281690140845074,2,High Value
C0775,57,Medium,Bronze,Kozhikode,0.9,75,251,4189376.56,55858.354133333334,0.01496,3,Regular
C0776,62,Medium,Bronze,Kochi,0.9,67,241,3625288.42,54108.7823880597,0.017791044776119404,1,Low Value
C0777,37,Medium,Silver,Kozhikode,1.0,70,255,4569059.89,65272.28414285714,0.018857142857142857,2,High Value
C0778,23,Medium,Platinum,Thrissur,1.3,82,282,4861589.81,59287.68060975609,0.020939024390243904,3,Regular
C0779,30,Low,Gold,Kochi,0.9775,57,191,3548992.2,62263.02105263158,0.01750877192982456,1,Low Value
C0780,57,Low,Bronze,Kochi,0.765,64,238,4265602.19,66650.03421875,0.02003125,2,High Value
C0781,59,Medium,Gold,Kannur,1.15,59,207,3581169.48,60697.787796610166,0.006322033898305084,1,Low Value
C0782,47,Low,Bronze,Malappuram,0.765,75,244,5041246.85,67216.62466666666,0.015533333333333333,2,High Value
C0783,23,Low,Gold,Kozhikode,0.9775,73,267,4721102.95,64672.64315068493,0.013972602739726028,3,Regular
C0784,23,Low,Bronze,Thrissur,0.765,71,241,4968923.59,69984.83929577464,0.01788732394366197,2,High Value
C0785,40,Low,Silver,Kannur,0.85,79,294,5267652.7,66679.14810126582,0.015531645569620254,0,VIP
C0786,45,High,Platinum,Kozhikode,1.755,79,297,4178497.38,52892.37189873418,0.01081012658227848,3,Regular
C0787,19,Medium,Bronze,Malappuram,0.9,70,238,3835272.7199999997,54789.61028571428,0.01635714285714286,1,Low Value
C0788,50,High,Silver,Kochi,1.35,77,321,4484627.57,58241.9164935065,0.019363636363636364,3,Regular
C0789,43,Low,Platinum,Kozhikode,1.105,64,243,3144157.45,49127.46015625,0.010531249999999999,1,Low Value
C0790,18,Medium,Bronze,Malappuram,0.9,66,246,3623720.47,54904.855606060606,0.016393939393939395,1,Low Value
C0791,22,Medium,Bronze,Kochi,0.9,67,250,4837482.69,72201.23417910449,0.015253731343283582,2,High Value
C0792,39,Medium,Silver,Kannur,1.0,77,239,6648081.08,86338.71532467533,0.00983116883116883,0,VIP
C0793,51,High,Bronze,Kannur,1.215,80,273,4809926.12,60124.0765,0.0224875,3,Regular
C0794,56,High,Bronze,Kozhikode,1.215,75,254,5724464.6899999995,76326.19586666666,0.018013333333333333,0,VIP
C0795,38,High,Silver,Kozhikode,1.35,76,267,4472837.27,58853.1219736842,0.022039473684210525,3,Regular
C0796,31,Low,Gold,Kochi,0.9775,68,251,4673138.87,68722.63044117647,0.02210294117647059,2,High Value
C0797,63,Low,Bronze,Malappuram,0.765,80,274,5607720.87,70096.510875,0.0174375,0,VIP
C0798,39,Medium,Bronze,Kochi,0.9,70,265,4924787.32,70354.10457142857,0.02387142857142857,2,High Value
C0799,32,Medium,Gold,Kozhikode,1.15,56,195,3847079.16,68697.84214285715,0.019321428571428573,1,Low Value
C0800,38,Medium,Silver,Malappuram,1.0,72,257,4836030.28,67167.08722222222,0.01976388888888889,2,High Value
